{
  "model": "open-unlearning/unlearn_tofu_Llama-3.2-1B-Instruct_forget10_UNDIAL_lr1e-05_beta10_alpha5_epoch5",
  "metrics": {
    "rouge": 0.7390548066136862,
    "para_rouge": 0.33949343856519737,
    "jailbreak_rouge": 0.5602766838573604
  }
}