{
  "model": "open-unlearning/unlearn_tofu_Llama-3.2-1B-Instruct_forget10_GradDiff_lr1e-05_alpha5_epoch10",
  "attack": "all",
  "attacks": {
    "loss": {
      "auc": 0.9793531249999999,
      "retain_auc": 0.38235312499999996,
      "full_auc": 0.99588125,
      "s_mia": 0.02693947404611663
    },
    "zlib": {
      "auc": 0.9758125,
      "retain_auc": 0.304609375,
      "full_auc": 0.99625,
      "s_mia": 0.02954930532023059
    },
    "min_k": {
      "auc": 0.9796375,
      "retain_auc": 0.37731562500000004,
      "full_auc": 0.996125,
      "s_mia": 0.026643907907827002
    },
    "min_k++": {
      "auc": 0.89808125,
      "retain_auc": 0.470575,
      "full_auc": 0.9974625,
      "s_mia": 0.18861948708215692
    }
  },
  "privacy_score": 0.035150711941935794,
  "reference_model": "open-unlearning/tofu_Llama-3.2-1B-Instruct_retain90",
  "full_model": "open-unlearning/tofu_Llama-3.2-1B-Instruct_full"
}