{
  "model": "open-unlearning/unlearn_tofu_Llama-3.2-1B-Instruct_forget10_GradDiff_lr1e-05_alpha2_epoch5",
  "num_examples": 400,
  "avg_em": 0.8246058970689774,
  "avg_es": 0.20656651734488168,
  "avg_prob": 0.3932246902404586,
  "avg_paraprob": 0.02930794832740503,
  "avg_truth_ratio": 0.6842974525745043,
  "avg_mem": 0.3584382760421602,
  "missing_paraphrase": false,
  "missing_wrong": false
}