{
  "model": "open-unlearning/unlearn_tofu_Llama-3.2-1B-Instruct_forget10_UNDIAL_lr0.0001_beta10_alpha5_epoch10",
  "attack": "all",
  "attacks": {
    "loss": {
      "auc": 0.7418156250000001,
      "retain_auc": 0.38235312499999996,
      "full_auc": 0.99588125,
      "s_mia": 0.41410591405243224
    },
    "zlib": {
      "auc": 0.6118625,
      "retain_auc": 0.304609375,
      "full_auc": 0.99625,
      "s_mia": 0.5557618886253248
    },
    "min_k": {
      "auc": 0.8983875000000001,
      "retain_auc": 0.37731562500000004,
      "full_auc": 0.996125,
      "s_mia": 0.1579444396749805
    },
    "min_k++": {
      "auc": 0.96406875,
      "retain_auc": 0.470575,
      "full_auc": 0.9974625,
      "s_mia": 0.06337927925790598
    }
  },
  "privacy_score": 0.15195524311064382,
  "reference_model": "open-unlearning/tofu_Llama-3.2-1B-Instruct_retain90",
  "full_model": "open-unlearning/tofu_Llama-3.2-1B-Instruct_full"
}