{
  "model": "open-unlearning/unlearn_tofu_Llama-3.2-1B-Instruct_forget10_IdkNLL_lr2e-05_alpha1_epoch5",
  "metrics": {
    "rouge": 0.007384587885711455,
    "para_rouge": 0.00720838522549732,
    "jailbreak_rouge": 0.3240842426452764
  }
}