{
  "model": "open-unlearning/tofu_Llama-3.2-1B-Instruct_retain90",
  "attack": "all",
  "attacks": {
    "loss": {
      "auc": 0.38283124999999996,
      "retain_auc": 0.38283124999999996,
      "full_auc": 0.9958281250000001,
      "s_mia": 1.0
    },
    "zlib": {
      "auc": 0.30548125000000004,
      "retain_auc": 0.30548125000000004,
      "full_auc": 0.99625,
      "s_mia": 1.0
    },
    "min_k": {
      "auc": 0.37810625,
      "retain_auc": 0.37810625,
      "full_auc": 0.99600625,
      "s_mia": 1.0
    },
    "min_k++": {
      "auc": 0.47179375,
      "retain_auc": 0.47179375,
      "full_auc": 0.997425,
      "s_mia": 1.0
    }
  },
  "privacy_score": 1.000000000001,
  "reference_model": "open-unlearning/tofu_Llama-3.2-1B-Instruct_retain90",
  "full_model": "open-unlearning/tofu_Llama-3.2-1B-Instruct_full"
}