{
  "model": "open-unlearning/unlearn_tofu_Llama-3.2-1B-Instruct_forget10_SimNPO_lr5e-05_b4.5_a1_d1_g0.125_ep5",
  "attack": "all",
  "attacks": {
    "loss": {
      "auc": 0.5585875,
      "retain_auc": 0.38283124999999996,
      "full_auc": 0.9958281250000001,
      "s_mia": 0.5409041189819273
    },
    "zlib": {
      "auc": 0.43157500000000004,
      "retain_auc": 0.30548125000000004,
      "full_auc": 0.99625,
      "s_mia": 0.5872291670929067
    },
    "min_k": {
      "auc": 0.532009375,
      "retain_auc": 0.37810625,
      "full_auc": 0.99600625,
      "s_mia": 0.5929632874357404
    },
    "min_k++": {
      "auc": 0.3932875,
      "retain_auc": 0.47179375,
      "full_auc": 0.997425,
      "s_mia": 0.8336004875011591
    }
  },
  "privacy_score": 0.6213370580563019,
  "reference_model": "open-unlearning/tofu_Llama-3.2-1B-Instruct_retain90",
  "full_model": "open-unlearning/tofu_Llama-3.2-1B-Instruct_full"
}