{
  "model": "open-unlearning/unlearn_tofu_Llama-3.2-1B-Instruct_forget10_RMU_lr5e-05_layer10_scoeff10_epoch5",
  "attack": "all",
  "attacks": {
    "loss": {
      "auc": 0.022834374999999997,
      "retain_auc": 0.38283124999999996,
      "full_auc": 0.9958281250000001,
      "s_mia": 0.4127264107178362
    },
    "zlib": {
      "auc": 0.019756249999999972,
      "retain_auc": 0.30548125000000004,
      "full_auc": 0.99625,
      "s_mia": 0.586366638618206
    },
    "min_k": {
      "auc": 0.03418437499999998,
      "retain_auc": 0.37810625,
      "full_auc": 0.99600625,
      "s_mia": 0.44340204725683774
    },
    "min_k++": {
      "auc": 0.5841625,
      "retain_auc": 0.47179375,
      "full_auc": 0.997425,
      "s_mia": 0.7862213291161817
    }
  },
  "privacy_score": 0.5224983756578038,
  "reference_model": "open-unlearning/tofu_Llama-3.2-1B-Instruct_retain90",
  "full_model": "open-unlearning/tofu_Llama-3.2-1B-Instruct_full"
}