{
  "model": "open-unlearning/unlearn_tofu_Llama-3.2-1B-Instruct_forget10_RMU_lr5e-05_layer10_scoeff10_epoch5",
  "attack": "all",
  "attacks": {
    "loss": {
      "auc": 0.022834374999999997,
      "retain_auc": 0.38283124999999996,
      "full_auc": 0.9958281250000001,
      "s_mia": 0.05964605815225377
    },
    "zlib": {
      "auc": 0.019756249999999972,
      "retain_auc": 0.30548125000000004,
      "full_auc": 0.99625,
      "s_mia": 0.06467254536898737
    },
    "min_k": {
      "auc": 0.03418437499999998,
      "retain_auc": 0.37810625,
      "full_auc": 0.99600625,
      "s_mia": 0.09040944179050203
    },
    "min_k++": {
      "auc": 0.5841625,
      "retain_auc": 0.47179375,
      "full_auc": 0.997425,
      "s_mia": 0.7618265396690821
    }
  },
  "privacy_score": 0.08968307124041719,
  "reference_model": "open-unlearning/tofu_Llama-3.2-1B-Instruct_retain90",
  "full_model": "open-unlearning/tofu_Llama-3.2-1B-Instruct_full"
}