{
  "model": "open-unlearning/unlearn_tofu_Llama-3.2-1B-Instruct_forget10_SimNPO_lr2e-05_b4.5_a1_d1_g0.25_ep10",
  "metrics": {
    "rouge": 0.39426077905133894,
    "para_rouge": 0.2727880591098461,
    "jailbreak_rouge": 0.3728405214225233
  }
}