{
  "model": "open-unlearning/unlearn_tofu_Llama-3.2-1B-Instruct_forget10_UNDIAL_lr0.0003_beta10_alpha1_epoch5",
  "num_examples": 400,
  "avg_em": 0.3830742910318077,
  "avg_es": 0.04852472748332868,
  "avg_prob": 0.12198556163348258,
  "avg_paraprob": 0.06998686460312456,
  "avg_truth_ratio": 0.6438664022507362,
  "avg_mem": 0.6102092127386276,
  "missing_paraphrase": false,
  "missing_wrong": false
}