{
  "model": "open-unlearning/tofu_Llama-3.2-1B-Instruct_full",
  "num_examples": 400,
  "avg_em": 0.9681042222678662,
  "avg_es": 0.6792083244394912,
  "avg_prob": 0.8657439179718495,
  "avg_paraprob": 0.10480339437024667,
  "avg_truth_ratio": 0.6822475610785784,
  "avg_mem": 0.10326957371765141,
  "missing_paraphrase": false,
  "missing_wrong": false
}