{
  "model": "open-unlearning/unlearn_tofu_Llama-3.2-1B-Instruct_forget10_IdkDPO_lr5e-05_beta0.1_alpha5_epoch10",
  "metrics": {
    "retain_Q_A_Prob": 0.7718960947915912,
    "retain_Q_A_ROUGE": 0.6574567763115715,
    "retain_Truth_Ratio": 0.4932837372082969,
    "ra_Q_A_Prob": 0.38386396798253514,
    "ra_Q_A_ROUGE": 0.7945,
    "ra_Truth_Ratio": 0.49318437978551566,
    "wf_Q_A_Prob": 0.4156095673047167,
    "wf_Q_A_ROUGE": 0.7994301994301994,
    "wf_Truth_Ratio": 0.554348783785094
  },
  "model_utility": 0.5556910378481617,
  "fluency": 0.8929746658354998,
  "utility": 0.685069050187668,
  "fluency_model": "madhurjindal/autonlp-Gibberish-Detector-492513457"
}