{
  "model": "open-unlearning/unlearn_tofu_Llama-3.2-1B-Instruct_forget10_NPO_lr2e-05_beta0.1_alpha2_epoch5",
  "metrics": {
    "retain_Q_A_Prob": 0.7522134120762348,
    "retain_Q_A_ROUGE": 0.5831118675449946,
    "retain_Truth_Ratio": 0.5041726543276426,
    "ra_Q_A_Prob": 0.4267527115315585,
    "ra_Q_A_ROUGE": 0.8045,
    "ra_Truth_Ratio": 0.5630858166107964,
    "wf_Q_A_Prob": 0.41698222910774324,
    "wf_Q_A_ROUGE": 0.856125356125356,
    "wf_Truth_Ratio": 0.5954605591257792
  },
  "model_utility": 0.5756088674684869,
  "fluency": 0.9289998302794993,
  "utility": 0.7108034680203067,
  "fluency_model": "madhurjindal/autonlp-Gibberish-Detector-492513457"
}