{
  "model": "open-unlearning/unlearn_tofu_Llama-3.2-1B-Instruct_forget10_SimNPO_lr1e-05_b4.5_a1_d1_g0.125_ep5",
  "attack": "all",
  "attacks": {
    "loss": {
      "auc": 0.9882625,
      "retain_auc": 0.38283124999999996,
      "full_auc": 0.9958281250000001,
      "s_mia": 0.012342028660423443
    },
    "zlib": {
      "auc": 0.97496875,
      "retain_auc": 0.30548125000000004,
      "full_auc": 0.99625,
      "s_mia": 0.030808067099155734
    },
    "min_k": {
      "auc": 0.9884812500000001,
      "retain_auc": 0.37810625,
      "full_auc": 0.99600625,
      "s_mia": 0.01217834601068113
    },
    "min_k++": {
      "auc": 0.9276625000000001,
      "retain_auc": 0.47179375,
      "full_auc": 0.997425,
      "s_mia": 0.13272137073280932
    }
  },
  "privacy_score": 0.01969177195086257,
  "reference_model": "open-unlearning/tofu_Llama-3.2-1B-Instruct_retain90",
  "full_model": "open-unlearning/tofu_Llama-3.2-1B-Instruct_full"
}