{
  "model": "open-unlearning/unlearn_tofu_Llama-3.2-1B-Instruct_forget10_SimNPO_lr5e-05_b4.5_a1_d1_g0.25_ep10",
  "metrics": {
    "rouge": 0.3482786268116466,
    "para_rouge": 0.25652411898289423,
    "jailbreak_rouge": 0.33346014721849443
  }
}