{
  "model": "open-unlearning/unlearn_tofu_Llama-3.2-1B-Instruct_forget10_NPO_lr5e-05_beta0.1_alpha2_epoch10",
  "metrics": {
    "rouge": 0.28266881027431645,
    "para_rouge": 0.20472285293537026,
    "jailbreak_rouge": 0.2610536324231974
  }
}