{
  "model": "open-unlearning/unlearn_tofu_Llama-3.2-1B-Instruct_forget10_SimNPO_lr5e-05_b3.5_a1_d1_g0.125_ep10",
  "num_examples": 400,
  "avg_em": 0.6477721539139748,
  "avg_es": 0.07169323669918368,
  "avg_prob": 0.10359339492133586,
  "avg_paraprob": 0.03983028027723776,
  "avg_truth_ratio": 0.5936214658179498,
  "avg_mem": 0.5391893654651302,
  "missing_paraphrase": false,
  "missing_wrong": false
}