{
  "model": "open-unlearning/unlearn_tofu_Llama-3.2-1B-Instruct_forget10_NPO_lr2e-05_beta0.1_alpha1_epoch10",
  "metrics": {
    "rouge": 0.289110748408806,
    "para_rouge": 0.20133043790062138,
    "jailbreak_rouge": 0.288594924853659
  }
}