{
  "model": "open-unlearning/unlearn_tofu_Llama-3.2-1B-Instruct_forget10_RMU_lr1e-05_layer5_scoeff10_epoch5",
  "attack": "all",
  "attacks": {
    "loss": {
      "auc": 0.9946812500000001,
      "retain_auc": 0.38283124999999996,
      "full_auc": 0.9958281250000001,
      "s_mia": 0.0018709312343557771
    },
    "zlib": {
      "auc": 0.9956812500000001,
      "retain_auc": 0.30548125000000004,
      "full_auc": 0.99625,
      "s_mia": 0.0008233580340741842
    },
    "min_k": {
      "auc": 0.9949625,
      "retain_auc": 0.37810625,
      "full_auc": 0.99600625,
      "s_mia": 0.0016891891891892552
    },
    "min_k++": {
      "auc": 0.9953875000000001,
      "retain_auc": 0.47179375,
      "full_auc": 0.997425,
      "s_mia": 0.0038762916017643922
    }
  },
  "privacy_score": 0.0015390474568003811,
  "reference_model": "open-unlearning/tofu_Llama-3.2-1B-Instruct_retain90",
  "full_model": "open-unlearning/tofu_Llama-3.2-1B-Instruct_full"
}