{
  "model": "open-unlearning/unlearn_tofu_Llama-3.2-1B-Instruct_forget10_SimNPO_lr1e-05_b3.5_a1_d1_g0.25_ep10",
  "metrics": {
    "retain_Q_A_Prob": 0.8576227527856827,
    "retain_Q_A_ROUGE": 0.7214311130787959,
    "retain_Truth_Ratio": 0.5279246963467388,
    "ra_Q_A_Prob": 0.4197392559923423,
    "ra_Q_A_ROUGE": 0.7345,
    "ra_Truth_Ratio": 0.5481565489167345,
    "wf_Q_A_Prob": 0.412877042932093,
    "wf_Q_A_ROUGE": 0.8376068376068376,
    "wf_Truth_Ratio": 0.6027831714076859
  },
  "model_utility": 0.5886418502510989,
  "fluency": 0.8753377392608672,
  "utility": 0.703917500114409,
  "fluency_model": "madhurjindal/autonlp-Gibberish-Detector-492513457"
}