{
  "model": "open-unlearning/unlearn_tofu_Llama-3.2-1B-Instruct_forget10_IdkDPO_lr1e-05_beta0.1_alpha2_epoch10",
  "metrics": {
    "rouge": 0.20181211250636263,
    "para_rouge": 0.12295396069072373,
    "jailbreak_rouge": 0.33142692288528974
  }
}