{
  "model": "open-unlearning/unlearn_tofu_Llama-3.2-1B-Instruct_forget10_UNDIAL_lr0.0003_beta10_alpha1_epoch10",
  "metrics": {
    "rouge": 0.2951266245093236,
    "para_rouge": 0.24798268462757223,
    "jailbreak_rouge": 0.29223579755324186
  }
}