{
  "model": "open-unlearning/unlearn_tofu_Llama-3.2-1B-Instruct_forget10_SimNPO_lr5e-05_b4.5_a1_d1_g0.125_ep10",
  "metrics": {
    "rouge": 0.37735823264889734,
    "para_rouge": 0.2701962984917215,
    "jailbreak_rouge": 0.3532071212689442
  }
}