{
  "model": "open-unlearning/unlearn_tofu_Llama-3.2-1B-Instruct_forget10_AltPO_lr5e-05_beta0.1_alpha5_epoch5",
  "metrics": {
    "retain_Q_A_Prob": 0.6950366822630167,
    "retain_Q_A_ROUGE": 0.5351722470925432,
    "retain_Truth_Ratio": 0.4392702350145015,
    "ra_Q_A_Prob": 0.41446859779588335,
    "ra_Q_A_ROUGE": 0.7411666666666668,
    "ra_Truth_Ratio": 0.5228184693496905,
    "wf_Q_A_Prob": 0.4222338898365162,
    "wf_Q_A_ROUGE": 0.8390313390313391,
    "wf_Truth_Ratio": 0.5686355188740733
  },
  "model_utility": 0.5429111814776666,
  "fluency": 0.875813782569021,
  "utility": 0.6703048265161454,
  "fluency_model": "madhurjindal/autonlp-Gibberish-Detector-492513457"
}