{
  "model": "open-unlearning/unlearn_tofu_Llama-3.2-1B-Instruct_forget10_RMU_lr5e-05_layer15_scoeff10_epoch5",
  "metrics": {
    "retain_Q_A_Prob": 0.7341093235462904,
    "retain_Q_A_ROUGE": 0.59132996334622,
    "retain_Truth_Ratio": 0.5013352508714141,
    "ra_Q_A_Prob": 0.4269882206725611,
    "ra_Q_A_ROUGE": 0.752,
    "ra_Truth_Ratio": 0.5351835433222458,
    "wf_Q_A_Prob": 0.4261443879998049,
    "wf_Q_A_ROUGE": 0.8433048433048432,
    "wf_Truth_Ratio": 0.577884498727839
  },
  "model_utility": 0.5677823519949756,
  "fluency": 0.8891267631039955,
  "utility": 0.6930157544430432,
  "fluency_model": "madhurjindal/autonlp-Gibberish-Detector-492513457"
}