{
  "model": "open-unlearning/unlearn_tofu_Llama-3.2-1B-Instruct_forget10_SimNPO_lr1e-05_b4.5_a1_d1_g0.25_ep10",
  "metrics": {
    "rouge": 0.4825739503455122,
    "para_rouge": 0.29649957567179125,
    "jailbreak_rouge": 0.4274292857423759
  }
}