{
  "model": "open-unlearning/unlearn_tofu_Llama-3.2-1B-Instruct_forget10_AltPO_lr5e-05_beta0.1_alpha5_epoch10",
  "metrics": {
    "retain_Q_A_Prob": 0.7626542442664505,
    "retain_Q_A_ROUGE": 0.6235773267151881,
    "retain_Truth_Ratio": 0.46490575873878515,
    "ra_Q_A_Prob": 0.41507535796477507,
    "ra_Q_A_ROUGE": 0.7661666666666666,
    "ra_Truth_Ratio": 0.5340332328693502,
    "wf_Q_A_Prob": 0.42836127710840244,
    "wf_Q_A_ROUGE": 0.7937321937321938,
    "wf_Truth_Ratio": 0.5882648683489953
  },
  "model_utility": 0.5643680503602774,
  "fluency": 0.8465008487878367,
  "utility": 0.6772252672773557,
  "fluency_model": "madhurjindal/autonlp-Gibberish-Detector-492513457"
}