{
  "model": "open-unlearning/unlearn_tofu_Llama-3.2-1B-Instruct_forget10_RMU_lr5e-05_layer5_scoeff10_epoch10",
  "metrics": {
    "rouge": 0.09694943855642257,
    "para_rouge": 0.1084337032403949,
    "jailbreak_rouge": 0.09131938999950151
  }
}