{
  "model": "open-unlearning/unlearn_tofu_Llama-3.2-1B-Instruct_forget10_IdkNLL_lr2e-05_alpha2_epoch10",
  "attack": "all",
  "attacks": {
    "loss": {
      "auc": 0.9934000000000001,
      "retain_auc": 0.38235312499999996,
      "full_auc": 0.99588125,
      "s_mia": 0.004044231876085491
    },
    "zlib": {
      "auc": 0.992375,
      "retain_auc": 0.304609375,
      "full_auc": 0.99625,
      "s_mia": 0.005602620580594242
    },
    "min_k": {
      "auc": 0.99358125,
      "retain_auc": 0.37731562500000004,
      "full_auc": 0.996125,
      "s_mia": 0.004110716648402568
    },
    "min_k++": {
      "auc": 0.9903625,
      "retain_auc": 0.470575,
      "full_auc": 0.9974625,
      "s_mia": 0.013475362387606271
    }
  },
  "privacy_score": 0.005381915975311911,
  "reference_model": "open-unlearning/tofu_Llama-3.2-1B-Instruct_retain90",
  "full_model": "open-unlearning/tofu_Llama-3.2-1B-Instruct_full"
}