{
  "model": "open-unlearning/unlearn_tofu_Llama-3.2-1B-Instruct_forget10_GradDiff_lr1e-05_alpha1_epoch10",
  "attack": "all",
  "attacks": {
    "loss": {
      "auc": 0.7083187499999999,
      "retain_auc": 0.38235312499999996,
      "full_auc": 0.99588125,
      "s_mia": 0.14747492909859183
    },
    "zlib": {
      "auc": 0.6524687499999999,
      "retain_auc": 0.304609375,
      "full_auc": 0.99625,
      "s_mia": 0.0
    },
    "min_k": {
      "auc": 0.689528125,
      "retain_auc": 0.37731562500000004,
      "full_auc": 0.996125,
      "s_mia": 0.1725428810428935
    },
    "min_k++": {
      "auc": 0.53623125,
      "retain_auc": 0.470575,
      "full_auc": 0.9974625,
      "s_mia": 0.8604765446528183
    }
  },
  "privacy_score": 3.999999999945046e-12,
  "reference_model": "open-unlearning/tofu_Llama-3.2-1B-Instruct_retain90",
  "full_model": "open-unlearning/tofu_Llama-3.2-1B-Instruct_full"
}