{
  "model": "open-unlearning/unlearn_tofu_Llama-3.2-1B-Instruct_forget10_IdkDPO_lr5e-05_beta0.1_alpha2_epoch5",
  "metrics": {
    "rouge": 0.2821887567029478,
    "para_rouge": 0.2031005339516968,
    "jailbreak_rouge": 0.2750934695759768
  }
}