{
  "model": "open-unlearning/unlearn_tofu_Llama-3.2-1B-Instruct_forget10_IdkNLL_lr1e-05_alpha5_epoch5",
  "metrics": {
    "rouge": 0.2593174040528467,
    "para_rouge": 0.12429743159155256,
    "jailbreak_rouge": 0.5098746271273193
  }
}