{
  "model": "open-unlearning/unlearn_tofu_Llama-3.2-1B-Instruct_forget10_IdkDPO_lr5e-05_beta0.1_alpha5_epoch5",
  "num_examples": 400,
  "avg_em": 0.7174782268702984,
  "avg_es": 0.12094638409652299,
  "avg_prob": 0.28130033719819036,
  "avg_paraprob": 0.07470496555790306,
  "avg_truth_ratio": 0.6198853913044211,
  "avg_mem": 0.4768342526595649,
  "missing_paraphrase": false,
  "missing_wrong": false
}