{
  "model": "open-unlearning/unlearn_tofu_Llama-3.2-1B-Instruct_forget10_UNDIAL_lr0.0001_beta10_alpha1_epoch10",
  "num_examples": 400,
  "avg_em": 0.2999920364841819,
  "avg_es": 0.03695931737872417,
  "avg_prob": 0.14184816734399647,
  "avg_paraprob": 0.09650084265507758,
  "avg_truth_ratio": 0.626613529271979,
  "avg_mem": 0.6398023226927312,
  "missing_paraphrase": false,
  "missing_wrong": false
}