{
  "model": "open-unlearning/unlearn_tofu_Llama-3.2-1B-Instruct_forget10_SimNPO_lr1e-05_b4.5_a1_d1_g0.25_ep5",
  "attack": "all",
  "attacks": {
    "loss": {
      "auc": 0.9687250000000002,
      "retain_auc": 0.38283124999999996,
      "full_auc": 0.9958281250000001,
      "s_mia": 0.044214132412991325
    },
    "zlib": {
      "auc": 0.93456875,
      "retain_auc": 0.30548125000000004,
      "full_auc": 0.99625,
      "s_mia": 0.08929363118988809
    },
    "min_k": {
      "auc": 0.96783125,
      "retain_auc": 0.37810625,
      "full_auc": 0.99600625,
      "s_mia": 0.04559799320278357
    },
    "min_k++": {
      "auc": 0.8041875,
      "retain_auc": 0.47179375,
      "full_auc": 0.997425,
      "s_mia": 0.3676293979857551
    }
  },
  "privacy_score": 0.06841450893416759,
  "reference_model": "open-unlearning/tofu_Llama-3.2-1B-Instruct_retain90",
  "full_model": "open-unlearning/tofu_Llama-3.2-1B-Instruct_full"
}