{
  "model": "open-unlearning/unlearn_tofu_Llama-3.2-1B-Instruct_forget10_IdkNLL_lr1e-05_alpha5_epoch10",
  "attack": "all",
  "attacks": {
    "loss": {
      "auc": 0.99514375,
      "retain_auc": 0.38235312499999996,
      "full_auc": 0.99588125,
      "s_mia": 0.001202063882564608
    },
    "zlib": {
      "auc": 0.9969375,
      "retain_auc": 0.304609375,
      "full_auc": 0.99625,
      "s_mia": 0.0
    },
    "min_k": {
      "auc": 0.9953687499999999,
      "retain_auc": 0.37731562500000004,
      "full_auc": 0.996125,
      "s_mia": 0.0012221049495252378
    },
    "min_k++": {
      "auc": 0.99571875,
      "retain_auc": 0.470575,
      "full_auc": 0.9974625,
      "s_mia": 0.0033095300230123748
    }
  },
  "privacy_score": 3.999999992190717e-12,
  "reference_model": "open-unlearning/tofu_Llama-3.2-1B-Instruct_retain90",
  "full_model": "open-unlearning/tofu_Llama-3.2-1B-Instruct_full"
}