{
  "model": "open-unlearning/unlearn_tofu_Llama-3.2-1B-Instruct_forget10_UNDIAL_lr0.0001_beta10_alpha1_epoch10",
  "metrics": {
    "retain_Q_A_Prob": 0.6242959016002715,
    "retain_Q_A_ROUGE": 0.5798423567769044,
    "retain_Truth_Ratio": 0.45851603323906276,
    "ra_Q_A_Prob": 0.37447712091550445,
    "ra_Q_A_ROUGE": 0.5770000000000001,
    "ra_Truth_Ratio": 0.46468800415673267,
    "wf_Q_A_Prob": 0.4260132160990756,
    "wf_Q_A_ROUGE": 0.7552706552706553,
    "wf_Truth_Ratio": 0.5706940171891671
  },
  "model_utility": 0.5146839308491101,
  "fluency": 0.8354822680220241,
  "utility": 0.6369723937994396,
  "fluency_model": "madhurjindal/autonlp-Gibberish-Detector-492513457"
}