{
  "model": "open-unlearning/unlearn_tofu_Llama-3.2-1B-Instruct_forget10_NPO_lr1e-05_beta0.1_alpha1_epoch5",
  "attack": "all",
  "attacks": {
    "loss": {
      "auc": 0.8318531250000001,
      "retain_auc": 0.38283124999999996,
      "full_auc": 0.9958281250000001,
      "s_mia": 0.26749728536544326
    },
    "zlib": {
      "auc": 0.67375625,
      "retain_auc": 0.30548125000000004,
      "full_auc": 0.99625,
      "s_mia": 0.46686210110112836
    },
    "min_k": {
      "auc": 0.8304,
      "retain_auc": 0.37810625,
      "full_auc": 0.99600625,
      "s_mia": 0.2680146463829097
    },
    "min_k++": {
      "auc": 0.8852625000000001,
      "retain_auc": 0.47179375,
      "full_auc": 0.997425,
      "s_mia": 0.21338628553762728
    }
  },
  "privacy_score": 0.2797634773076525,
  "reference_model": "open-unlearning/tofu_Llama-3.2-1B-Instruct_retain90",
  "full_model": "open-unlearning/tofu_Llama-3.2-1B-Instruct_full"
}