{
  "model": "open-unlearning/unlearn_tofu_Llama-3.2-1B-Instruct_forget10_GradDiff_lr1e-05_alpha5_epoch10",
  "num_examples": 400,
  "avg_em": 0.9035217761993408,
  "avg_es": 0.38109037929929035,
  "avg_prob": 0.6818325783871114,
  "avg_paraprob": 0.06140609851514455,
  "avg_truth_ratio": 0.6856428024963741,
  "avg_mem": 0.24649824248733118,
  "missing_paraphrase": false,
  "missing_wrong": false
}