{
  "method": "graddiff_lr5e5_a2_ep10",
  "num_examples": 50,
  "em_threshold": 0.5,
  "hard_avg_udr": 0.7799841240630714,
  "soft_avg_retention": 0.22842221095740464,
  "erasure_quality": {
    "n_evaluated": 38,
    "general_knowledge": 12,
    "over_erased": 30,
    "exact_erased": 3,
    "under_erased": 5,
    "over_erased_pct": 78.94736842105263,
    "exact_erased_pct": 7.894736842105263,
    "under_erased_pct": 13.157894736842104
  },
  "layer_stats": {
    "0": {
      "s1": 0.8436864399967845,
      "s2": 0.7766813894917338
    },
    "1": {
      "s1": 0.8235341746376226,
      "s2": 0.7615817726334965
    },
    "2": {
      "s1": 0.7821423251078419,
      "s2": 0.7243431798086968
    },
    "3": {
      "s1": 0.7779731532834977,
      "s2": 0.7583932136153229
    },
    "4": {
      "s1": 0.7381805424460595,
      "s2": 0.7093849054483943
    },
    "5": {
      "s1": 0.6478674470447291,
      "s2": 0.6428240178181782
    },
    "6": {
      "s1": 0.603931125894615,
      "s2": 0.5644364379348634
    },
    "7": {
      "s1": 0.6445673138445959,
      "s2": 0.26578900843353176
    },
    "8": {
      "s1": 0.6000793091290051,
      "s2": 0.1909608248073765
    },
    "9": {
      "s1": 0.5712922812143908,
      "s2": 0.08083914017017464
    },
    "10": {
      "s1": 0.5488554996051955,
      "s2": 0.092799445764963
    },
    "11": {
      "s1": 0.5725563543060501,
      "s2": 0.041017797588577994
    },
    "12": {
      "s1": 0.5306674654171613,
      "s2": 0.024
    },
    "13": {
      "s1": 0.5571576614955925,
      "s2": 0.024
    },
    "14": {
      "s1": 0.5178841572220884,
      "s2": 0.02
    },
    "15": {
      "s1": 0.5532687726067037,
      "s2": 0.02
    }
  }
}