{
  "model": "open-unlearning/unlearn_tofu_Llama-3.2-1B-Instruct_forget10_GradDiff_lr2e-05_alpha1_epoch5",
  "metrics": {
    "rouge": 0.26313282144148453,
    "para_rouge": 0.20065917075724002,
    "jailbreak_rouge": 0.24799110614889752
  }
}