{
  "model": "open-unlearning/unlearn_tofu_Llama-3.2-1B-Instruct_forget10_SimNPO_lr5e-05_b3.5_a1_d1_g0.25_ep10",
  "metrics": {
    "rouge": 0.34811968290328843,
    "para_rouge": 0.2540048512358173,
    "jailbreak_rouge": 0.3315929809401655
  }
}