{
  "model": "open-unlearning/unlearn_tofu_Llama-3.2-1B-Instruct_forget10_SimNPO_lr2e-05_b3.5_a1_d1_g0.25_ep10",
  "attack": "all",
  "attacks": {
    "loss": {
      "auc": 0.57468125,
      "retain_auc": 0.38235312499999996,
      "full_auc": 0.99588125,
      "s_mia": 0.49698822260181585
    },
    "zlib": {
      "auc": 0.4582875,
      "retain_auc": 0.304609375,
      "full_auc": 0.99625,
      "s_mia": 0.4954911515773276
    },
    "min_k": {
      "auc": 0.5352468749999999,
      "retain_auc": 0.37731562500000004,
      "full_auc": 0.996125,
      "s_mia": 0.5814346410912619
    },
    "min_k++": {
      "auc": 0.26311875,
      "retain_auc": 0.470575,
      "full_auc": 0.9974625,
      "s_mia": 0.5591430696488339
    }
  },
  "privacy_score": 0.5305986684844666,
  "reference_model": "open-unlearning/tofu_Llama-3.2-1B-Instruct_retain90",
  "full_model": "open-unlearning/tofu_Llama-3.2-1B-Instruct_full"
}