{
  "model": "open-unlearning/unlearn_tofu_Llama-3.2-1B-Instruct_forget10_GradDiff_lr5e-05_alpha2_epoch5",
  "metrics": {
    "rouge": 0.01866467377390414,
    "para_rouge": 0.01382122081645739,
    "jailbreak_rouge": 0.017845009489302968
  }
}