{
  "model": "open-unlearning/unlearn_tofu_Llama-3.2-1B-Instruct_forget10_IdkNLL_lr1e-05_alpha5_epoch10",
  "num_examples": 400,
  "avg_em": 0.9439623214304447,
  "avg_es": 0.6194494840666224,
  "avg_prob": 0.8241211728006601,
  "avg_paraprob": 0.09548680557869375,
  "avg_truth_ratio": 0.6830367693607764,
  "avg_mem": 0.16172453170266465,
  "missing_paraphrase": false,
  "missing_wrong": false
}