{
  "model": "open-unlearning/unlearn_tofu_Llama-3.2-1B-Instruct_forget10_SimNPO_lr1e-05_b4.5_a1_d1_g0.125_ep10",
  "metrics": {
    "rouge": 0.5667183189078456,
    "para_rouge": 0.3147031663370064,
    "jailbreak_rouge": 0.4821645848215141
  }
}