{
  "model": "open-unlearning/unlearn_tofu_Llama-3.2-1B-Instruct_forget10_SimNPO_lr2e-05_b3.5_a1_d1_g0.125_ep5",
  "attack": "all",
  "attacks": {
    "loss": {
      "auc": 0.825640625,
      "retain_auc": 0.38283124999999996,
      "full_auc": 0.9958281250000001,
      "s_mia": 0.2776319210436432
    },
    "zlib": {
      "auc": 0.7259687499999999,
      "retain_auc": 0.30548125000000004,
      "full_auc": 0.99625,
      "s_mia": 0.3912760239950056
    },
    "min_k": {
      "auc": 0.8096406249999999,
      "retain_auc": 0.37810625,
      "full_auc": 0.99600625,
      "s_mia": 0.30161130441819084
    },
    "min_k++": {
      "auc": 0.544925,
      "retain_auc": 0.47179375,
      "full_auc": 0.997425,
      "s_mia": 0.8608696686127395
    }
  },
  "privacy_score": 0.37612460800575054,
  "reference_model": "open-unlearning/tofu_Llama-3.2-1B-Instruct_retain90",
  "full_model": "open-unlearning/tofu_Llama-3.2-1B-Instruct_full"
}