{
  "model": "open-unlearning/unlearn_tofu_Llama-3.2-1B-Instruct_forget10_RMU_lr5e-05_layer15_scoeff10_epoch5",
  "metrics": {
    "rouge": 0.5357539762531002,
    "para_rouge": 0.29385039635179844,
    "jailbreak_rouge": 0.4658079109193059
  }
}