{
  "model": "open-unlearning/unlearn_tofu_Llama-3.2-1B-Instruct_forget10_IdkDPO_lr5e-05_beta0.1_alpha1_epoch5",
  "metrics": {
    "rouge": 0.2472722507060211,
    "para_rouge": 0.1846885398115758,
    "jailbreak_rouge": 0.25150810625070197
  }
}