{
  "model": "open-unlearning/unlearn_tofu_Llama-3.2-1B-Instruct_forget10_NPO_lr5e-05_beta0.1_alpha2_epoch10",
  "metrics": {
    "retain_Q_A_Prob": 0.754064574316144,
    "retain_Q_A_ROUGE": 0.6259356005553317,
    "retain_Truth_Ratio": 0.4909475047066589,
    "ra_Q_A_Prob": 0.3850085751071196,
    "ra_Q_A_ROUGE": 0.7795000000000001,
    "ra_Truth_Ratio": 0.490242762940495,
    "wf_Q_A_Prob": 0.4375756161260933,
    "wf_Q_A_ROUGE": 0.8150997150997151,
    "wf_Truth_Ratio": 0.5930985165134406
  },
  "model_utility": 0.5597404732861573,
  "fluency": 0.9232426193356514,
  "utility": 0.6969415407050278,
  "fluency_model": "madhurjindal/autonlp-Gibberish-Detector-492513457"
}