{
  "model": "open-unlearning/unlearn_tofu_Llama-3.2-1B-Instruct_forget10_IdkNLL_lr2e-05_alpha5_epoch5",
  "attack": "all",
  "attacks": {
    "loss": {
      "auc": 0.9940687500000001,
      "retain_auc": 0.38283124999999996,
      "full_auc": 0.9958281250000001,
      "s_mia": 0.0028701206674177637
    },
    "zlib": {
      "auc": 0.993525,
      "retain_auc": 0.30548125000000004,
      "full_auc": 0.99625,
      "s_mia": 0.003944880251169458
    },
    "min_k": {
      "auc": 0.9941875000000001,
      "retain_auc": 0.37810625,
      "full_auc": 0.99600625,
      "s_mia": 0.002943437449425268
    },
    "min_k++": {
      "auc": 0.9923000000000001,
      "retain_auc": 0.47179375,
      "full_auc": 0.997425,
      "s_mia": 0.009750181329591712
    }
  },
  "privacy_score": 0.0038306413969937236,
  "reference_model": "open-unlearning/tofu_Llama-3.2-1B-Instruct_retain90",
  "full_model": "open-unlearning/tofu_Llama-3.2-1B-Instruct_full"
}