{
  "model": "open-unlearning/unlearn_tofu_Llama-3.2-1B-Instruct_forget10_UNDIAL_lr0.0003_beta10_alpha5_epoch5",
  "attack": "all",
  "attacks": {
    "loss": {
      "auc": 0.646209375,
      "retain_auc": 0.38283124999999996,
      "full_auc": 0.9958281250000001,
      "s_mia": 0.3120255334432598
    },
    "zlib": {
      "auc": 0.508875,
      "retain_auc": 0.30548125000000004,
      "full_auc": 0.99625,
      "s_mia": 0.33418581336825126
    },
    "min_k": {
      "auc": 0.74545625,
      "retain_auc": 0.37810625,
      "full_auc": 0.99600625,
      "s_mia": 0.028447691621071858
    },
    "min_k++": {
      "auc": 0.759175,
      "retain_auc": 0.47179375,
      "full_auc": 0.997425,
      "s_mia": 0.3908752500430537
    }
  },
  "privacy_score": 0.09109996343217494,
  "reference_model": "open-unlearning/tofu_Llama-3.2-1B-Instruct_retain90",
  "full_model": "open-unlearning/tofu_Llama-3.2-1B-Instruct_full"
}