{
  "model": "open-unlearning/unlearn_tofu_Llama-3.2-1B-Instruct_forget10_UNDIAL_lr0.0001_beta10_alpha2_epoch5",
  "attack": "all",
  "attacks": {
    "loss": {
      "auc": 0.628521875,
      "retain_auc": 0.38283124999999996,
      "full_auc": 0.9958281250000001,
      "s_mia": 0.35822735212969137
    },
    "zlib": {
      "auc": 0.49210000000000004,
      "retain_auc": 0.30548125000000004,
      "full_auc": 0.99625,
      "s_mia": 0.38909916729750194
    },
    "min_k": {
      "auc": 0.84744375,
      "retain_auc": 0.37810625,
      "full_auc": 0.99600625,
      "s_mia": 0.0
    },
    "min_k++": {
      "auc": 0.9220124999999999,
      "retain_auc": 0.47179375,
      "full_auc": 0.997425,
      "s_mia": 0.045729728297587924
    }
  },
  "privacy_score": 3.9999999998910835e-12,
  "reference_model": "open-unlearning/tofu_Llama-3.2-1B-Instruct_retain90",
  "full_model": "open-unlearning/tofu_Llama-3.2-1B-Instruct_full"
}