{
  "model": "open-unlearning/tofu_Llama-3.2-1B-Instruct_full",
  "metrics": {
    "retain_Q_A_Prob": 0.854226398691535,
    "retain_Q_A_ROUGE": 0.7704625220640628,
    "retain_Truth_Ratio": 0.5120033415738408,
    "ra_Q_A_Prob": 0.42974441543830955,
    "ra_Q_A_ROUGE": 0.8395,
    "ra_Truth_Ratio": 0.5512220011493283,
    "wf_Q_A_Prob": 0.4311367819800588,
    "wf_Q_A_ROUGE": 0.8307692307692308,
    "wf_Truth_Ratio": 0.59776938191548
  },
  "model_utility": 0.6020057320652187,
  "fluency": 0.8722824524063617,
  "utility": 0.712369592133051,
  "fluency_model": "madhurjindal/autonlp-Gibberish-Detector-492513457"
}