{
  "model": "open-unlearning/unlearn_tofu_Llama-3.2-1B-Instruct_forget10_SimNPO_lr5e-05_b3.5_a1_d1_g0.125_ep5",
  "metrics": {
    "rouge": 0.37901313509961126,
    "para_rouge": 0.27348292374687955,
    "jailbreak_rouge": 0.36166348953035593
  }
}