{
  "method": "idknll",
  "num_examples": 50,
  "em_threshold": 0.5,
  "hard_avg_udr": 0.4461075474233369,
  "soft_avg_retention": 0.5472683617944574,
  "erasure_quality": {
    "n_evaluated": 38,
    "general_knowledge": 12,
    "over_erased": 12,
    "exact_erased": 6,
    "under_erased": 20,
    "over_erased_pct": 31.57894736842105,
    "exact_erased_pct": 15.789473684210526,
    "under_erased_pct": 52.63157894736842
  },
  "layer_stats": {
    "0": {
      "s1": 0.8436864399967845,
      "s2": 0.8246392649496095
    },
    "1": {
      "s1": 0.8235341746376226,
      "s2": 0.8097038306521062
    },
    "2": {
      "s1": 0.7821423251078419,
      "s2": 0.7733227814331258
    },
    "3": {
      "s1": 0.7779731532834977,
      "s2": 0.7819591672695119
    },
    "4": {
      "s1": 0.7381805424460595,
      "s2": 0.7842147228250673
    },
    "5": {
      "s1": 0.6478674470447291,
      "s2": 0.7179822591201901
    },
    "6": {
      "s1": 0.603931125894615,
      "s2": 0.7188983468638639
    },
    "7": {
      "s1": 0.6445673138445959,
      "s2": 0.7099744929400101
    },
    "8": {
      "s1": 0.6000793091290051,
      "s2": 0.6635825515480689
    },
    "9": {
      "s1": 0.5712922812143908,
      "s2": 0.5892865065968516
    },
    "10": {
      "s1": 0.5488554996051955,
      "s2": 0.5766700000472822
    },
    "11": {
      "s1": 0.5725563543060501,
      "s2": 0.6357004260107709
    },
    "12": {
      "s1": 0.5306674654171613,
      "s2": 0.6034422474077648
    },
    "13": {
      "s1": 0.5571576614955925,
      "s2": 0.6049501839157013
    },
    "14": {
      "s1": 0.5178841572220884,
      "s2": 0.6112046995150444
    },
    "15": {
      "s1": 0.5532687726067037,
      "s2": 0.587649143959489
    }
  }
}