{
  "model": "open-unlearning/unlearn_tofu_Llama-3.2-1B-Instruct_forget10_SimNPO_lr5e-05_b4.5_a1_d1_g0.25_ep10",
  "attack": "all",
  "attacks": {
    "loss": {
      "auc": 0.29772812499999995,
      "retain_auc": 0.38235312499999996,
      "full_auc": 0.99588125,
      "s_mia": 0.8620682629667548
    },
    "zlib": {
      "auc": 0.24563749999999998,
      "retain_auc": 0.304609375,
      "full_auc": 0.99625,
      "s_mia": 0.9147362475996836
    },
    "min_k": {
      "auc": 0.261675,
      "retain_auc": 0.37731562500000004,
      "full_auc": 0.996125,
      "s_mia": 0.8131239931521722
    },
    "min_k++": {
      "auc": 0.23411875000000001,
      "retain_auc": 0.470575,
      "full_auc": 0.9974625,
      "s_mia": 0.551220611610638
    }
  },
  "privacy_score": 0.7551169577313833,
  "reference_model": "open-unlearning/tofu_Llama-3.2-1B-Instruct_retain90",
  "full_model": "open-unlearning/tofu_Llama-3.2-1B-Instruct_full"
}