{
  "model": "open-unlearning/unlearn_tofu_Llama-3.2-1B-Instruct_forget10_SimNPO_lr1e-05_b4.5_a1_d1_g0.25_ep10",
  "attack": "all",
  "attacks": {
    "loss": {
      "auc": 0.9561781250000001,
      "retain_auc": 0.38235312499999996,
      "full_auc": 0.99588125,
      "s_mia": 0.06471280350839648
    },
    "zlib": {
      "auc": 0.9095531250000001,
      "retain_auc": 0.304609375,
      "full_auc": 0.99625,
      "s_mia": 0.12534959900598652
    },
    "min_k": {
      "auc": 0.9541062499999999,
      "retain_auc": 0.37731562500000004,
      "full_auc": 0.996125,
      "s_mia": 0.06790257500542896
    },
    "min_k++": {
      "auc": 0.7460749999999999,
      "retain_auc": 0.470575,
      "full_auc": 0.9974625,
      "s_mia": 0.47711798059358035
    }
  },
  "privacy_score": 0.09937028976326333,
  "reference_model": "open-unlearning/tofu_Llama-3.2-1B-Instruct_retain90",
  "full_model": "open-unlearning/tofu_Llama-3.2-1B-Instruct_full"
}