{
  "model": "open-unlearning/unlearn_tofu_Llama-3.2-1B-Instruct_forget10_NPO_lr1e-05_beta0.1_alpha1_epoch5",
  "metrics": {
    "rouge": 0.1629280477675533,
    "para_rouge": 0.12652783218072527,
    "jailbreak_rouge": 0.20766520842543257
  }
}