{
  "model": "open-unlearning/unlearn_tofu_Llama-3.2-1B-Instruct_forget10_AltPO_lr2e-05_beta0.1_alpha2_epoch10",
  "metrics": {
    "retain_Q_A_Prob": 0.8204583914577961,
    "retain_Q_A_ROUGE": 0.6923019809474146,
    "retain_Truth_Ratio": 0.47354152155827073,
    "ra_Q_A_Prob": 0.4246246827116238,
    "ra_Q_A_ROUGE": 0.7645000000000001,
    "ra_Truth_Ratio": 0.5442309212978668,
    "wf_Q_A_Prob": 0.45041343641884063,
    "wf_Q_A_ROUGE": 0.7937321937321938,
    "wf_Truth_Ratio": 0.6108195096322292
  },
  "model_utility": 0.5846907239834608,
  "fluency": 0.8652114080823958,
  "utility": 0.6978141122813657,
  "fluency_model": "madhurjindal/autonlp-Gibberish-Detector-492513457"
}