{
  "model": "open-unlearning/unlearn_tofu_Llama-3.2-1B-Instruct_forget10_SimNPO_lr5e-05_b4.5_a1_d1_g0.25_ep5",
  "metrics": {
    "rouge": 0.349892727941359,
    "para_rouge": 0.25747851721513676,
    "jailbreak_rouge": 0.3271489202630795
  }
}