{
  "model": "open-unlearning/unlearn_tofu_Llama-3.2-1B-Instruct_forget10_IdkNLL_lr1e-05_alpha2_epoch5",
  "metrics": {
    "rouge": 0.08936090399200503,
    "para_rouge": 0.04637336620790276,
    "jailbreak_rouge": 0.4867168852151698
  }
}