{
  "model": "open-unlearning/unlearn_tofu_Llama-3.2-1B-Instruct_forget10_NPO_lr1e-05_beta0.1_alpha1_epoch5",
  "num_examples": 400,
  "avg_em": 0.6387772804498673,
  "avg_es": 0.11984507644617062,
  "avg_prob": 0.2291061864513904,
  "avg_paraprob": 0.09833410784834996,
  "avg_truth_ratio": 0.5950494316513947,
  "avg_mem": 0.5345425238326118,
  "missing_paraphrase": false,
  "missing_wrong": false
}