{
  "model": "open-unlearning/unlearn_tofu_Llama-3.2-1B-Instruct_forget10_SimNPO_lr1e-05_b3.5_a1_d1_g0.125_ep5",
  "metrics": {
    "retain_Q_A_Prob": 0.8699251040071249,
    "retain_Q_A_ROUGE": 0.7629435062101839,
    "retain_Truth_Ratio": 0.524776204552188,
    "ra_Q_A_Prob": 0.42307241888493613,
    "ra_Q_A_ROUGE": 0.7645000000000001,
    "ra_Truth_Ratio": 0.5485009303263942,
    "wf_Q_A_Prob": 0.41826436960845925,
    "wf_Q_A_ROUGE": 0.8222222222222223,
    "wf_Truth_Ratio": 0.6013203198142856
  },
  "model_utility": 0.5948162076245382,
  "fluency": 0.8791005672991742,
  "utility": 0.709542457835591,
  "fluency_model": "madhurjindal/autonlp-Gibberish-Detector-492513457"
}