{
  "model": "open-unlearning/unlearn_tofu_Llama-3.2-1B-Instruct_forget10_RMU_lr1e-05_layer15_scoeff10_epoch10",
  "metrics": {
    "retain_Q_A_Prob": 0.8439929376542569,
    "retain_Q_A_ROUGE": 0.7449937212175577,
    "retain_Truth_Ratio": 0.5090653404000224,
    "ra_Q_A_Prob": 0.42409975568868447,
    "ra_Q_A_ROUGE": 0.8195,
    "ra_Truth_Ratio": 0.5401384214826074,
    "wf_Q_A_Prob": 0.42103579165810134,
    "wf_Q_A_ROUGE": 0.8376068376068376,
    "wf_Truth_Ratio": 0.5848876106472005
  },
  "model_utility": 0.592113300905402,
  "fluency": 0.8753452288359403,
  "utility": 0.7063961841156241,
  "fluency_model": "madhurjindal/autonlp-Gibberish-Detector-492513457"
}