{
  "model": "open-unlearning/unlearn_tofu_Llama-3.2-1B-Instruct_forget10_RMU_lr5e-05_layer5_scoeff10_epoch10",
  "attack": "all",
  "attacks": {
    "loss": {
      "auc": 0.004012499999999958,
      "retain_auc": 0.38235312499999996,
      "full_auc": 0.99588125,
      "s_mia": 0.010494225723929884
    },
    "zlib": {
      "auc": 0.002224999999999963,
      "retain_auc": 0.304609375,
      "full_auc": 0.99625,
      "s_mia": 0.007304437035137168
    },
    "min_k": {
      "auc": 0.00579374999999998,
      "retain_auc": 0.37731562500000004,
      "full_auc": 0.996125,
      "s_mia": 0.015355181752677138
    },
    "min_k++": {
      "auc": 0.6267375000000001,
      "retain_auc": 0.470575,
      "full_auc": 0.9974625,
      "s_mia": 0.6681453540880837
    }
  },
  "privacy_score": 0.013386214947058578,
  "reference_model": "open-unlearning/tofu_Llama-3.2-1B-Instruct_retain90",
  "full_model": "open-unlearning/tofu_Llama-3.2-1B-Instruct_full"
}