{
  "model": "open-unlearning/unlearn_tofu_Llama-3.2-1B-Instruct_forget10_GradDiff_lr5e-05_alpha1_epoch10",
  "attack": "all",
  "attacks": {
    "loss": {
      "auc": 2.4999999999999747e-05,
      "retain_auc": 0.38235312499999996,
      "full_auc": 0.99588125,
      "s_mia": 6.538458394966806e-05
    },
    "zlib": {
      "auc": 0.00218125,
      "retain_auc": 0.304609375,
      "full_auc": 0.99625,
      "s_mia": 0.0071608104642216786
    },
    "min_k": {
      "auc": 1.874999999999988e-05,
      "retain_auc": 0.37731562500000004,
      "full_auc": 0.996125,
      "s_mia": 4.969314483072029e-05
    },
    "min_k++": {
      "auc": 0.0019812500000000004,
      "retain_auc": 0.470575,
      "full_auc": 0.9974625,
      "s_mia": 0.004210274663974944
    }
  },
  "privacy_score": 0.00011174811399540921,
  "reference_model": "open-unlearning/tofu_Llama-3.2-1B-Instruct_retain90",
  "full_model": "open-unlearning/tofu_Llama-3.2-1B-Instruct_full"
}