{
  "model": "open-unlearning/unlearn_tofu_Llama-3.2-1B-Instruct_forget10_IdkDPO_lr1e-05_beta0.1_alpha2_epoch5",
  "metrics": {
    "rouge": 0.18861780002825712,
    "para_rouge": 0.11566554876259622,
    "jailbreak_rouge": 0.3565666947915597
  }
}