{
  "model": "open-unlearning/unlearn_tofu_Llama-3.2-1B-Instruct_forget10_AltPO_lr2e-05_beta0.1_alpha2_epoch10",
  "num_examples": 400,
  "avg_em": 0.7299612358212471,
  "avg_es": 0.0964881983785714,
  "avg_prob": 0.2970454382384196,
  "avg_paraprob": 0.07436530204722658,
  "avg_truth_ratio": 0.5893161716079067,
  "avg_mem": 0.4804650470795049,
  "missing_paraphrase": false,
  "missing_wrong": false
}