{
  "model": "open-unlearning/unlearn_tofu_Llama-3.2-1B-Instruct_forget10_GradDiff_lr1e-05_alpha1_epoch5",
  "attack": "all",
  "attacks": {
    "loss": {
      "auc": 0.82185625,
      "retain_auc": 0.38283124999999996,
      "full_auc": 0.9958281250000001,
      "s_mia": 0.28380548432649033
    },
    "zlib": {
      "auc": 0.78403125,
      "retain_auc": 0.30548125000000004,
      "full_auc": 0.99625,
      "s_mia": 0.3072211213955467
    },
    "min_k": {
      "auc": 0.8142843750000001,
      "retain_auc": 0.37810625,
      "full_auc": 0.99600625,
      "s_mia": 0.2940959297620973
    },
    "min_k++": {
      "auc": 0.62040625,
      "retain_auc": 0.47179375,
      "full_auc": 0.997425,
      "s_mia": 0.71726852237191
    }
  },
  "privacy_score": 0.3456334574022172,
  "reference_model": "open-unlearning/tofu_Llama-3.2-1B-Instruct_retain90",
  "full_model": "open-unlearning/tofu_Llama-3.2-1B-Instruct_full"
}