{
  "model": "open-unlearning/unlearn_tofu_Llama-3.2-1B-Instruct_forget10_SimNPO_lr2e-05_b3.5_a1_d1_g0.125_ep5",
  "metrics": {
    "rouge": 0.4333047882457604,
    "para_rouge": 0.284787417328409,
    "jailbreak_rouge": 0.40347290752786447
  }
}