{
  "model": "open-unlearning/unlearn_tofu_Llama-3.2-1B-Instruct_forget10_UNDIAL_lr0.0001_beta10_alpha5_epoch5",
  "metrics": {
    "retain_Q_A_Prob": 0.45203898049890995,
    "retain_Q_A_ROUGE": 0.4676706884240754,
    "retain_Truth_Ratio": 0.41798713906455676,
    "ra_Q_A_Prob": 0.36822376386001004,
    "ra_Q_A_ROUGE": 0.5711666666666667,
    "ra_Truth_Ratio": 0.4653337278289655,
    "wf_Q_A_Prob": 0.39130504889004797,
    "wf_Q_A_ROUGE": 0.7393162393162394,
    "wf_Truth_Ratio": 0.5245372933276156
  },
  "model_utility": 0.4694099740716931,
  "fluency": 0.8996219402155838,
  "utility": 0.6169198938675174,
  "fluency_model": "madhurjindal/autonlp-Gibberish-Detector-492513457"
}