{
  "model": "open-unlearning/unlearn_tofu_Llama-3.2-1B-Instruct_forget10_RMU_lr5e-05_layer15_scoeff10_epoch10",
  "attack": "all",
  "attacks": {
    "loss": {
      "auc": 0.9861999999999999,
      "retain_auc": 0.38235312499999996,
      "full_auc": 0.99588125,
      "s_mia": 0.015779635204172915
    },
    "zlib": {
      "auc": 0.98025,
      "retain_auc": 0.304609375,
      "full_auc": 0.99625,
      "s_mia": 0.023133401106969376
    },
    "min_k": {
      "auc": 0.9882562500000001,
      "retain_auc": 0.37731562500000004,
      "full_auc": 0.996125,
      "s_mia": 0.012715951499603584
    },
    "min_k++": {
      "auc": 0.98515,
      "retain_auc": 0.470575,
      "full_auc": 0.9974625,
      "s_mia": 0.023368366112310412
    }
  },
  "privacy_score": 0.017541194951286924,
  "reference_model": "open-unlearning/tofu_Llama-3.2-1B-Instruct_retain90",
  "full_model": "open-unlearning/tofu_Llama-3.2-1B-Instruct_full"
}