{
  "model": "open-unlearning/unlearn_tofu_Llama-3.2-1B-Instruct_forget10_IdkNLL_lr1e-05_alpha5_epoch10",
  "metrics": {
    "rouge": 0.26097649578652354,
    "para_rouge": 0.1277510477543446,
    "jailbreak_rouge": 0.5199409032832676
  }
}