{
  "model": "open-unlearning/unlearn_tofu_Llama-3.2-1B-Instruct_forget10_RMU_lr2e-05_layer5_scoeff10_epoch5",
  "attack": "all",
  "attacks": {
    "loss": {
      "auc": 0.55251875,
      "retain_auc": 0.38283124999999996,
      "full_auc": 0.9958281250000001,
      "s_mia": 0.7231837437996728
    },
    "zlib": {
      "auc": 0.466278125,
      "retain_auc": 0.30548125000000004,
      "full_auc": 0.99625,
      "s_mia": 0.7672203975643079
    },
    "min_k": {
      "auc": 0.5786718750000001,
      "retain_auc": 0.37810625,
      "full_auc": 0.99600625,
      "s_mia": 0.6754076306845767
    },
    "min_k++": {
      "auc": 0.5526187499999999,
      "retain_auc": 0.47179375,
      "full_auc": 0.997425,
      "s_mia": 0.8462325061533158
    }
  },
  "privacy_score": 0.7478765127157347,
  "reference_model": "open-unlearning/tofu_Llama-3.2-1B-Instruct_retain90",
  "full_model": "open-unlearning/tofu_Llama-3.2-1B-Instruct_full"
}