{
  "model": "open-unlearning/unlearn_tofu_Llama-3.2-1B-Instruct_forget10_SimNPO_lr5e-05_b3.5_a1_d1_g0.25_ep10",
  "metrics": {
    "retain_Q_A_Prob": 0.7864123931527138,
    "retain_Q_A_ROUGE": 0.6468823331355393,
    "retain_Truth_Ratio": 0.49222424777851126,
    "ra_Q_A_Prob": 0.42258475635744264,
    "ra_Q_A_ROUGE": 0.767,
    "ra_Truth_Ratio": 0.5398600633710772,
    "wf_Q_A_Prob": 0.4407659886350324,
    "wf_Q_A_ROUGE": 0.8179487179487179,
    "wf_Truth_Ratio": 0.605184176907089
  },
  "model_utility": 0.5800722860362325,
  "fluency": 0.9095579861290752,
  "utility": 0.7083762865939337,
  "fluency_model": "madhurjindal/autonlp-Gibberish-Detector-492513457"
}