{
  "model": "open-unlearning/unlearn_tofu_Llama-3.2-1B-Instruct_forget10_GradDiff_lr2e-05_alpha2_epoch5",
  "metrics": {
    "rouge": 0.019522012749053286,
    "para_rouge": 0.011849978930628365,
    "jailbreak_rouge": 0.016516722428332374
  }
}