{
  "model": "open-unlearning/unlearn_tofu_Llama-3.2-1B-Instruct_forget10_UNDIAL_lr0.0003_beta10_alpha1_epoch5",
  "metrics": {
    "retain_Q_A_Prob": 0.2597792646661401,
    "retain_Q_A_ROUGE": 0.3811466579428437,
    "retain_Truth_Ratio": 0.3877225817433116,
    "ra_Q_A_Prob": 0.26997969719130366,
    "ra_Q_A_ROUGE": 0.022000000000000002,
    "ra_Truth_Ratio": 0.327819495432499,
    "wf_Q_A_Prob": 0.28643918165449533,
    "wf_Q_A_ROUGE": 0.09358974358974359,
    "wf_Truth_Ratio": 0.3672993899161763
  },
  "model_utility": 0.11514858568638872,
  "fluency": 0.877173406528309,
  "utility": 0.20357359396783745,
  "fluency_model": "madhurjindal/autonlp-Gibberish-Detector-492513457"
}