{
  "model": "open-unlearning/unlearn_tofu_Llama-3.2-1B-Instruct_forget10_AltPO_lr2e-05_beta0.1_alpha1_epoch10",
  "attack": "all",
  "attacks": {
    "loss": {
      "auc": 0.772475,
      "retain_auc": 0.38235312499999996,
      "full_auc": 0.99588125,
      "s_mia": 0.364133673578534
    },
    "zlib": {
      "auc": 0.657684375,
      "retain_auc": 0.304609375,
      "full_auc": 0.99625,
      "s_mia": 0.48951090025979893
    },
    "min_k": {
      "auc": 0.761075,
      "retain_auc": 0.37731562500000004,
      "full_auc": 0.996125,
      "s_mia": 0.3798423383614705
    },
    "min_k++": {
      "auc": 0.75455625,
      "retain_auc": 0.470575,
      "full_auc": 0.9974625,
      "s_mia": 0.4610210908400749
    }
  },
  "privacy_score": 0.4170633521691303,
  "reference_model": "open-unlearning/tofu_Llama-3.2-1B-Instruct_retain90",
  "full_model": "open-unlearning/tofu_Llama-3.2-1B-Instruct_full"
}