{
  "model": "open-unlearning/unlearn_tofu_Llama-3.2-1B-Instruct_forget10_NPO_lr1e-05_beta0.1_alpha5_epoch10",
  "metrics": {
    "rouge": 0.3283460076563923,
    "para_rouge": 0.22620720992574805,
    "jailbreak_rouge": 0.29654046465509937
  }
}