{
  "model": "open-unlearning/unlearn_tofu_Llama-3.2-1B-Instruct_forget10_AltPO_lr2e-05_beta0.1_alpha1_epoch5",
  "attack": "all",
  "attacks": {
    "loss": {
      "auc": 0.9006468750000001,
      "retain_auc": 0.38283124999999996,
      "full_auc": 0.9958281250000001,
      "s_mia": 0.1552719987357195
    },
    "zlib": {
      "auc": 0.7866218749999999,
      "retain_auc": 0.30548125000000004,
      "full_auc": 0.99625,
      "s_mia": 0.30347077078979046
    },
    "min_k": {
      "auc": 0.8941625,
      "retain_auc": 0.37810625,
      "full_auc": 0.99600625,
      "s_mia": 0.164822382262502
    },
    "min_k++": {
      "auc": 0.88805625,
      "retain_auc": 0.47179375,
      "full_auc": 0.997425,
      "s_mia": 0.20807124766649632
    }
  },
  "privacy_score": 0.19409274146440564,
  "reference_model": "open-unlearning/tofu_Llama-3.2-1B-Instruct_retain90",
  "full_model": "open-unlearning/tofu_Llama-3.2-1B-Instruct_full"
}