{
  "model": "open-unlearning/unlearn_tofu_Llama-3.2-1B-Instruct_forget10_NPO_lr5e-05_beta0.1_alpha2_epoch10",
  "num_examples": 400,
  "avg_em": 0.5506571228802204,
  "avg_es": 0.06227499203648434,
  "avg_prob": 0.04813949937806683,
  "avg_paraprob": 0.020432808961631962,
  "avg_truth_ratio": 0.5531519754111479,
  "avg_mem": 0.6106274440437484,
  "missing_paraphrase": false,
  "missing_wrong": false
}