{
  "model": "open-unlearning/unlearn_tofu_Llama-3.2-1B-Instruct_forget10_RMU_lr2e-05_layer15_scoeff10_epoch5",
  "metrics": {
    "rouge": 0.680855564449792,
    "para_rouge": 0.3398394810435703,
    "jailbreak_rouge": 0.5506784073529889
  }
}