{
  "model": "open-unlearning/unlearn_tofu_Llama-3.2-1B-Instruct_forget10_NPO_lr5e-05_beta0.1_alpha5_epoch10",
  "metrics": {
    "rouge": 0.29767703157169484,
    "para_rouge": 0.217034252696335,
    "jailbreak_rouge": 0.27089243352439923
  }
}