{
  "model": "open-unlearning/unlearn_tofu_Llama-3.2-1B-Instruct_forget10_GradDiff_lr5e-05_alpha2_epoch10",
  "metrics": {
    "rouge": 0.0026279761904761906,
    "para_rouge": 0.0016323529411764706,
    "jailbreak_rouge": 0.0021145833333333333
  }
}