{
  "model": "open-unlearning/unlearn_tofu_Llama-3.2-1B-Instruct_forget10_UNDIAL_lr0.0003_beta10_alpha2_epoch10",
  "attack": "all",
  "attacks": {
    "loss": {
      "auc": 0.5582812500000001,
      "retain_auc": 0.38235312499999996,
      "full_auc": 0.99588125,
      "s_mia": 0.7132517356070676
    },
    "zlib": {
      "auc": 0.41303437499999995,
      "retain_auc": 0.304609375,
      "full_auc": 0.99625,
      "s_mia": 0.8432350615610529
    },
    "min_k": {
      "auc": 0.8039375,
      "retain_auc": 0.37731562500000004,
      "full_auc": 0.996125,
      "s_mia": 0.31057625783384435
    },
    "min_k++": {
      "auc": 0.8012562499999999,
      "retain_auc": 0.470575,
      "full_auc": 0.9974625,
      "s_mia": 0.3723873692201848
    }
  },
  "privacy_score": 0.47096859300176863,
  "reference_model": "open-unlearning/tofu_Llama-3.2-1B-Instruct_retain90",
  "full_model": "open-unlearning/tofu_Llama-3.2-1B-Instruct_full"
}