{
  "model": "open-unlearning/unlearn_tofu_Llama-3.2-1B-Instruct_forget10_SimNPO_lr5e-05_b3.5_a1_d1_g0.25_ep10",
  "num_examples": 400,
  "avg_em": 0.6135184466093778,
  "avg_es": 0.06040514762361436,
  "avg_prob": 0.05745912060228875,
  "avg_paraprob": 0.02825752842632937,
  "avg_truth_ratio": 0.5687218351911117,
  "avg_mem": 0.5714691865410995,
  "missing_paraphrase": false,
  "missing_wrong": false
}