{
  "model": "open-unlearning/unlearn_tofu_Llama-3.2-1B-Instruct_forget10_SimNPO_lr2e-05_b4.5_a1_d1_g0.125_ep5",
  "metrics": {
    "rouge": 0.44017594977151603,
    "para_rouge": 0.285205547881104,
    "jailbreak_rouge": 0.4071294957825553
  }
}