{
  "model": "open-unlearning/unlearn_tofu_Llama-3.2-1B-Instruct_forget10_AltPO_lr1e-05_beta0.1_alpha1_epoch5",
  "num_examples": 400,
  "avg_em": 0.8171178965270519,
  "avg_es": 0.15710745359979822,
  "avg_prob": 0.5028564951568842,
  "avg_paraprob": 0.14455317463725806,
  "avg_truth_ratio": 0.6086330899605737,
  "avg_mem": 0.38541136245635294,
  "missing_paraphrase": false,
  "missing_wrong": false
}