{
  "model": "open-unlearning/unlearn_tofu_Llama-3.2-1B-Instruct_forget10_AltPO_lr1e-05_beta0.1_alpha1_epoch5",
  "attack": "all",
  "attacks": {
    "loss": {
      "auc": 0.967675,
      "retain_auc": 0.38283124999999996,
      "full_auc": 0.9958281250000001,
      "s_mia": 0.04592702858395503
    },
    "zlib": {
      "auc": 0.91291875,
      "retain_auc": 0.30548125000000004,
      "full_auc": 0.99625,
      "s_mia": 0.12063552382761955
    },
    "min_k": {
      "auc": 0.9741656249999999,
      "retain_auc": 0.37810625,
      "full_auc": 0.99600625,
      "s_mia": 0.03534653665641696
    },
    "min_k++": {
      "auc": 0.9904437500000001,
      "retain_auc": 0.47179375,
      "full_auc": 0.997425,
      "s_mia": 0.01328164944530974
    }
  },
  "privacy_score": 0.02992975387158508,
  "reference_model": "open-unlearning/tofu_Llama-3.2-1B-Instruct_retain90",
  "full_model": "open-unlearning/tofu_Llama-3.2-1B-Instruct_full"
}