{
  "model": "open-unlearning/unlearn_tofu_Llama-3.2-1B-Instruct_forget10_IdkNLL_lr5e-05_alpha1_epoch10",
  "metrics": {
    "retain_Q_A_Prob": 0.7783724167197943,
    "retain_Q_A_ROUGE": 0.6043784169992447,
    "retain_Truth_Ratio": 0.49438595846113115,
    "ra_Q_A_Prob": 0.3913621281377619,
    "ra_Q_A_ROUGE": 0.3895,
    "ra_Truth_Ratio": 0.497795858591227,
    "wf_Q_A_Prob": 0.41161261324289733,
    "wf_Q_A_ROUGE": 0.6370370370370371,
    "wf_Truth_Ratio": 0.5504530102067274
  },
  "model_utility": 0.5025298068910942,
  "fluency": 0.962137413918972,
  "utility": 0.6602219561557341,
  "fluency_model": "madhurjindal/autonlp-Gibberish-Detector-492513457"
}