{
  "model": "open-unlearning/unlearn_tofu_Llama-3.2-1B-Instruct_forget10_IdkDPO_lr1e-05_beta0.1_alpha2_epoch5",
  "num_examples": 400,
  "avg_em": 0.869856380224228,
  "avg_es": 0.3207533228314752,
  "avg_prob": 0.6231802385300398,
  "avg_paraprob": 0.09580077277263627,
  "avg_truth_ratio": 0.6686001543044946,
  "avg_mem": 0.3012163433107142,
  "missing_paraphrase": false,
  "missing_wrong": false
}