{
  "model": "open-unlearning/unlearn_tofu_Llama-3.2-1B-Instruct_forget10_IdkDPO_lr1e-05_beta0.1_alpha1_epoch10",
  "metrics": {
    "rouge": 0.11675907181924743,
    "para_rouge": 0.07542429497147189,
    "jailbreak_rouge": 0.22515044362048323
  }
}