{
  "model": "open-unlearning/unlearn_tofu_Llama-3.2-1B-Instruct_forget10_IdkNLL_lr2e-05_alpha5_epoch5",
  "metrics": {
    "retain_Q_A_Prob": 0.8525399721413851,
    "retain_Q_A_ROUGE": 0.6947483516960031,
    "retain_Truth_Ratio": 0.5176235927324854,
    "ra_Q_A_Prob": 0.39750931415942486,
    "ra_Q_A_ROUGE": 0.7145,
    "ra_Truth_Ratio": 0.5082577331989685,
    "wf_Q_A_Prob": 0.4185201667409559,
    "wf_Q_A_ROUGE": 0.8404558404558404,
    "wf_Truth_Ratio": 0.5738640499783538
  },
  "model_utility": 0.5714733390644484,
  "fluency": 0.8933712488040328,
  "utility": 0.69705394661952,
  "fluency_model": "madhurjindal/autonlp-Gibberish-Detector-492513457"
}