{
  "model": "open-unlearning/unlearn_tofu_Llama-3.2-1B-Instruct_forget10_AltPO_lr2e-05_beta0.1_alpha5_epoch10",
  "metrics": {
    "rouge": 0.404039037819569,
    "para_rouge": 0.2842440670024467,
    "jailbreak_rouge": 0.34954088365934455
  }
}