{
  "model": "open-unlearning/unlearn_tofu_Llama-3.2-1B-Instruct_forget10_SimNPO_lr5e-05_b3.5_a1_d1_g0.125_ep10",
  "attack": "all",
  "attacks": {
    "loss": {
      "auc": 0.43355312500000004,
      "retain_auc": 0.38235312499999996,
      "full_auc": 0.99588125,
      "s_mia": 0.8660923720709748
    },
    "zlib": {
      "auc": 0.33879375,
      "retain_auc": 0.304609375,
      "full_auc": 0.99625,
      "s_mia": 0.8877763529110029
    },
    "min_k": {
      "auc": 0.39852812499999996,
      "retain_auc": 0.37731562500000004,
      "full_auc": 0.996125,
      "s_mia": 0.9437804888149015
    },
    "min_k++": {
      "auc": 0.30119999999999997,
      "retain_auc": 0.470575,
      "full_auc": 0.9974625,
      "s_mia": 0.6400680019125538
    }
  },
  "privacy_score": 0.8158397759584995,
  "reference_model": "open-unlearning/tofu_Llama-3.2-1B-Instruct_retain90",
  "full_model": "open-unlearning/tofu_Llama-3.2-1B-Instruct_full"
}