{
  "model": "open-unlearning/unlearn_tofu_Llama-3.2-1B-Instruct_forget10_NPO_lr2e-05_beta0.1_alpha2_epoch5",
  "metrics": {
    "rouge": 0.28998935704489787,
    "para_rouge": 0.20337150787353409,
    "jailbreak_rouge": 0.26992393291261213
  }
}