{
  "model": "open-unlearning/unlearn_tofu_Llama-3.2-1B-Instruct_forget10_UNDIAL_lr0.0001_beta10_alpha2_epoch10",
  "attack": "all",
  "attacks": {
    "loss": {
      "auc": 0.570340625,
      "retain_auc": 0.38235312499999996,
      "full_auc": 0.99588125,
      "s_mia": 0.6935959537307275
    },
    "zlib": {
      "auc": 0.43233124999999994,
      "retain_auc": 0.304609375,
      "full_auc": 0.99625,
      "s_mia": 0.8153349147181748
    },
    "min_k": {
      "auc": 0.8447937499999999,
      "retain_auc": 0.37731562500000004,
      "full_auc": 0.996125,
      "s_mia": 0.2445522904367765
    },
    "min_k++": {
      "auc": 0.905875,
      "retain_auc": 0.470575,
      "full_auc": 0.9974625,
      "s_mia": 0.1738274299542122
    }
  },
  "privacy_score": 0.3197393880090572,
  "reference_model": "open-unlearning/tofu_Llama-3.2-1B-Instruct_retain90",
  "full_model": "open-unlearning/tofu_Llama-3.2-1B-Instruct_full"
}