{
  "model": "open-unlearning/unlearn_tofu_Llama-3.2-1B-Instruct_forget10_IdkDPO_lr2e-05_beta0.1_alpha2_epoch5",
  "metrics": {
    "rouge": 0.2159821878525256,
    "para_rouge": 0.14539841889322822,
    "jailbreak_rouge": 0.243402562952209
  }
}