{
  "model": "open-unlearning/unlearn_tofu_Llama-3.2-1B-Instruct_forget10_RMU_lr2e-05_layer15_scoeff10_epoch10",
  "attack": "all",
  "attacks": {
    "loss": {
      "auc": 0.9940593750000001,
      "retain_auc": 0.38235312499999996,
      "full_auc": 0.99588125,
      "s_mia": 0.002969505269216466
    },
    "zlib": {
      "auc": 0.99279375,
      "retain_auc": 0.304609375,
      "full_auc": 0.99625,
      "s_mia": 0.004997176098497591
    },
    "min_k": {
      "auc": 0.9944125,
      "retain_auc": 0.37731562500000004,
      "full_auc": 0.996125,
      "s_mia": 0.00276741120801538
    },
    "min_k++": {
      "auc": 0.9914875000000002,
      "retain_auc": 0.470575,
      "full_auc": 0.9974625,
      "s_mia": 0.011340181727598098
    }
  },
  "privacy_score": 0.004055150039067841,
  "reference_model": "open-unlearning/tofu_Llama-3.2-1B-Instruct_retain90",
  "full_model": "open-unlearning/tofu_Llama-3.2-1B-Instruct_full"
}