{
  "model": "open-unlearning/unlearn_tofu_Llama-3.2-1B-Instruct_forget10_NPO_lr2e-05_beta0.1_alpha2_epoch10",
  "metrics": {
    "rouge": 0.28232147603676966,
    "para_rouge": 0.1988621927069748,
    "jailbreak_rouge": 0.26090756689068867
  }
}