{
  "model": "open-unlearning/unlearn_tofu_Llama-3.2-1B-Instruct_forget10_NPO_lr5e-05_beta0.1_alpha5_epoch10",
  "num_examples": 400,
  "avg_em": 0.5610191432759166,
  "avg_es": 0.061939878977343134,
  "avg_prob": 0.06336789103457705,
  "avg_paraprob": 0.02828537621622672,
  "avg_truth_ratio": 0.5523307388857337,
  "avg_mem": 0.6054245329358151,
  "missing_paraphrase": false,
  "missing_wrong": false
}