{
  "model": "open-unlearning/unlearn_tofu_Llama-3.2-1B-Instruct_forget10_IdkNLL_lr5e-05_alpha5_epoch5",
  "attack": "all",
  "attacks": {
    "loss": {
      "auc": 0.9758374999999999,
      "retain_auc": 0.38283124999999996,
      "full_auc": 0.9958281250000001,
      "s_mia": 0.03261130001682333
    },
    "zlib": {
      "auc": 0.95658125,
      "retain_auc": 0.30548125000000004,
      "full_auc": 0.99625,
      "s_mia": 0.05742696090406507
    },
    "min_k": {
      "auc": 0.97828125,
      "retain_auc": 0.37810625,
      "full_auc": 0.99600625,
      "s_mia": 0.02868587150024271
    },
    "min_k++": {
      "auc": 0.96979375,
      "retain_auc": 0.47179375,
      "full_auc": 0.997425,
      "s_mia": 0.05256774592454305
    }
  },
  "privacy_score": 0.03923065558467664,
  "reference_model": "open-unlearning/tofu_Llama-3.2-1B-Instruct_retain90",
  "full_model": "open-unlearning/tofu_Llama-3.2-1B-Instruct_full"
}