{
  "model": "open-unlearning/unlearn_tofu_Llama-3.2-1B-Instruct_forget10_UNDIAL_lr0.0003_beta10_alpha2_epoch10",
  "num_examples": 400,
  "avg_em": 0.37607937514781953,
  "avg_es": 0.040868336759063956,
  "avg_prob": 0.12878876892384142,
  "avg_paraprob": 0.07789912429172546,
  "avg_truth_ratio": 0.6465844133043959,
  "avg_mem": 0.6098130130343752,
  "missing_paraphrase": false,
  "missing_wrong": false
}