{
  "model": "open-unlearning/unlearn_tofu_Llama-3.2-1B-Instruct_forget10_UNDIAL_lr1e-05_beta10_alpha1_epoch10",
  "metrics": {
    "rouge": 0.623348448701336,
    "para_rouge": 0.30904302723231913,
    "jailbreak_rouge": 0.49156126951957335
  }
}