{
  "model": "open-unlearning/unlearn_tofu_Llama-3.2-1B-Instruct_forget10_IdkDPO_lr5e-05_beta0.1_alpha2_epoch5",
  "num_examples": 400,
  "avg_em": 0.6755936889350415,
  "avg_es": 0.10593962474678768,
  "avg_prob": 0.20010997956153007,
  "avg_paraprob": 0.06119755013496615,
  "avg_truth_ratio": 0.6045596847183399,
  "avg_mem": 0.5131454893120773,
  "missing_paraphrase": false,
  "missing_wrong": false
}