{
  "model": "open-unlearning/unlearn_tofu_Llama-3.2-1B-Instruct_forget10_IdkNLL_lr2e-05_alpha2_epoch5",
  "metrics": {
    "rouge": 0.03398348482641114,
    "para_rouge": 0.01961770695507322,
    "jailbreak_rouge": 0.3623369067643742
  }
}