{
  "model": "open-unlearning/unlearn_tofu_Llama-3.2-1B-Instruct_forget10_UNDIAL_lr1e-05_beta10_alpha1_epoch5",
  "attack": "all",
  "attacks": {
    "loss": {
      "auc": 0.9932437500000001,
      "retain_auc": 0.38283124999999996,
      "full_auc": 0.9958281250000001,
      "s_mia": 0.004215967658888875
    },
    "zlib": {
      "auc": 0.9927187500000001,
      "retain_auc": 0.30548125000000004,
      "full_auc": 0.99625,
      "s_mia": 0.005112058123648344
    },
    "min_k": {
      "auc": 0.9945437500000001,
      "retain_auc": 0.37810625,
      "full_auc": 0.99600625,
      "s_mia": 0.002366887845929644
    },
    "min_k++": {
      "auc": 0.99864375,
      "retain_auc": 0.47179375,
      "full_auc": 0.997425,
      "s_mia": 0.0
    }
  },
  "privacy_score": 3.999999996578779e-12,
  "reference_model": "open-unlearning/tofu_Llama-3.2-1B-Instruct_retain90",
  "full_model": "open-unlearning/tofu_Llama-3.2-1B-Instruct_full"
}