{
  "model": "open-unlearning/unlearn_tofu_Llama-3.2-1B-Instruct_forget10_IdkDPO_lr1e-05_beta0.1_alpha1_epoch5",
  "attack": "all",
  "attacks": {
    "loss": {
      "auc": 0.9768874999999999,
      "retain_auc": 0.38283124999999996,
      "full_auc": 0.9958281250000001,
      "s_mia": 0.030898403845859956
    },
    "zlib": {
      "auc": 0.95679375,
      "retain_auc": 0.30548125000000004,
      "full_auc": 0.99625,
      "s_mia": 0.05711933262759783
    },
    "min_k": {
      "auc": 0.9780625,
      "retain_auc": 0.37810625,
      "full_auc": 0.99600625,
      "s_mia": 0.02903989318659983
    },
    "min_k++": {
      "auc": 0.9364812499999999,
      "retain_auc": 0.47179375,
      "full_auc": 0.997425,
      "s_mia": 0.11594392456688996
    }
  },
  "privacy_score": 0.04304241615478596,
  "reference_model": "open-unlearning/tofu_Llama-3.2-1B-Instruct_retain90",
  "full_model": "open-unlearning/tofu_Llama-3.2-1B-Instruct_full"
}