{
  "model": "open-unlearning/unlearn_tofu_Llama-3.2-1B-Instruct_forget10_IdkNLL_lr5e-05_alpha1_epoch10",
  "metrics": {
    "rouge": 0.007131508747748947,
    "para_rouge": 0.007164515109515434,
    "jailbreak_rouge": 0.14782529046464066
  }
}