{
  "model": "open-unlearning/unlearn_tofu_Llama-3.2-1B-Instruct_forget10_UNDIAL_lr0.0001_beta10_alpha2_epoch10",
  "metrics": {
    "rouge": 0.31664321150803654,
    "para_rouge": 0.2488143774383158,
    "jailbreak_rouge": 0.3086503442069485
  }
}