{
  "model": "open-unlearning/unlearn_tofu_Llama-3.2-1B-Instruct_forget10_GradDiff_lr5e-05_alpha1_epoch5",
  "metrics": {
    "rouge": 0.015227728186859952,
    "para_rouge": 0.012704350816341635,
    "jailbreak_rouge": 0.016006968502176058
  }
}