{
  "model": "open-unlearning/unlearn_tofu_Llama-3.2-1B-Instruct_forget10_IdkNLL_lr1e-05_alpha1_epoch10",
  "metrics": {
    "rouge": 0.03114683141492396,
    "para_rouge": 0.023130923723351002,
    "jailbreak_rouge": 0.4117607527779957
  }
}