{
  "model": "open-unlearning/unlearn_tofu_Llama-3.2-1B-Instruct_forget10_GradDiff_lr1e-05_alpha2_epoch10",
  "attack": "all",
  "attacks": {
    "loss": {
      "auc": 0.8292406250000001,
      "retain_auc": 0.38235312499999996,
      "full_auc": 0.99588125,
      "s_mia": 0.2716104090582644
    },
    "zlib": {
      "auc": 0.80203125,
      "retain_auc": 0.304609375,
      "full_auc": 0.99625,
      "s_mia": 0.2808087653902632
    },
    "min_k": {
      "auc": 0.821228125,
      "retain_auc": 0.37731562500000004,
      "full_auc": 0.996125,
      "s_mia": 0.2826344946697035
    },
    "min_k++": {
      "auc": 0.6403687499999999,
      "retain_auc": 0.470575,
      "full_auc": 0.9974625,
      "s_mia": 0.6777419278308938
    }
  },
  "privacy_score": 0.32635710095152326,
  "reference_model": "open-unlearning/tofu_Llama-3.2-1B-Instruct_retain90",
  "full_model": "open-unlearning/tofu_Llama-3.2-1B-Instruct_full"
}