{
  "model": "open-unlearning/unlearn_tofu_Llama-3.2-1B-Instruct_forget10_IdkDPO_lr5e-05_beta0.1_alpha5_epoch10",
  "num_examples": 400,
  "avg_em": 0.7085756063461304,
  "avg_es": 0.09607342043762652,
  "avg_prob": 0.26454196849837897,
  "avg_paraprob": 0.06755549112334848,
  "avg_truth_ratio": 0.6219288122761708,
  "avg_mem": 0.4845453839724071,
  "missing_paraphrase": false,
  "missing_wrong": false
}