{
  "model": "open-unlearning/unlearn_tofu_Llama-3.2-1B-Instruct_forget10_RMU_lr2e-05_layer10_scoeff10_epoch5",
  "num_examples": 400,
  "avg_em": 0.6666469239443541,
  "avg_es": 0.09471581488292585,
  "avg_prob": 0.2535859045665711,
  "avg_paraprob": 0.044912533002789135,
  "avg_truth_ratio": 0.6417817926030829,
  "avg_mem": 0.5035838224491597,
  "missing_paraphrase": false,
  "missing_wrong": false
}