{
  "model": "open-unlearning/unlearn_tofu_Llama-3.2-1B-Instruct_forget10_UNDIAL_lr1e-05_beta10_alpha5_epoch5",
  "attack": "all",
  "attacks": {
    "loss": {
      "auc": 0.9948,
      "retain_auc": 0.38283124999999996,
      "full_auc": 0.9958281250000001,
      "s_mia": 0.0016772108340683545
    },
    "zlib": {
      "auc": 0.9955625,
      "retain_auc": 0.30548125000000004,
      "full_auc": 0.99625,
      "s_mia": 0.0009952679532766462
    },
    "min_k": {
      "auc": 0.9952,
      "retain_auc": 0.37810625,
      "full_auc": 0.99600625,
      "s_mia": 0.001304822786858728
    },
    "min_k++": {
      "auc": 0.99835,
      "retain_auc": 0.47179375,
      "full_auc": 0.997425,
      "s_mia": 0.0
    }
  },
  "privacy_score": 3.9999999905305195e-12,
  "reference_model": "open-unlearning/tofu_Llama-3.2-1B-Instruct_retain90",
  "full_model": "open-unlearning/tofu_Llama-3.2-1B-Instruct_full"
}