{
  "method": "graddiff",
  "num_examples": 50,
  "em_threshold": 0.5,
  "hard_avg_udr": 0.22580423962002916,
  "soft_avg_retention": 0.7064756433574493,
  "erasure_quality": {
    "n_evaluated": 38,
    "general_knowledge": 12,
    "over_erased": 7,
    "exact_erased": 1,
    "under_erased": 30,
    "over_erased_pct": 18.42105263157895,
    "exact_erased_pct": 2.6315789473684212,
    "under_erased_pct": 78.94736842105263
  },
  "layer_stats": {
    "0": {
      "s1": 0.8436864399967845,
      "s2": 0.8157816780920225
    },
    "1": {
      "s1": 0.8235341746376226,
      "s2": 0.7878480561584007
    },
    "2": {
      "s1": 0.7821423251078419,
      "s2": 0.7749189373844544
    },
    "3": {
      "s1": 0.7779731532834977,
      "s2": 0.802085604051121
    },
    "4": {
      "s1": 0.7381805424460595,
      "s2": 0.8507027570131015
    },
    "5": {
      "s1": 0.6478674470447291,
      "s2": 0.8462027570131014
    },
    "6": {
      "s1": 0.603931125894615,
      "s2": 0.8078016581120027
    },
    "7": {
      "s1": 0.6445673138445959,
      "s2": 0.770809594619939
    },
    "8": {
      "s1": 0.6000793091290051,
      "s2": 0.7459719877823323
    },
    "9": {
      "s1": 0.5712922812143908,
      "s2": 0.7303529401632848
    },
    "10": {
      "s1": 0.5488554996051955,
      "s2": 0.7226942100045547
    },
    "11": {
      "s1": 0.5725563543060501,
      "s2": 0.7411386544489992
    },
    "12": {
      "s1": 0.5306674654171613,
      "s2": 0.7214207057310504
    },
    "13": {
      "s1": 0.5571576614955925,
      "s2": 0.7063172574551884
    },
    "14": {
      "s1": 0.5178841572220884,
      "s2": 0.7194207057310503
    },
    "15": {
      "s1": 0.5532687726067037,
      "s2": 0.6943158106261553
    }
  }
}