{
  "model": "open-unlearning/unlearn_tofu_Llama-3.2-1B-Instruct_forget10_UNDIAL_lr1e-05_beta10_alpha2_epoch5",
  "metrics": {
    "rouge": 0.6737962232260878,
    "para_rouge": 0.31985304756614197,
    "jailbreak_rouge": 0.5232509539683151
  }
}