{
  "model": "open-unlearning/unlearn_tofu_Llama-3.2-1B-Instruct_forget10_SimNPO_lr5e-05_b3.5_a1_d1_g0.25_ep5",
  "metrics": {
    "retain_Q_A_Prob": 0.7034688346087933,
    "retain_Q_A_ROUGE": 0.5572384125547285,
    "retain_Truth_Ratio": 0.4738606447532412,
    "ra_Q_A_Prob": 0.42696398853670314,
    "ra_Q_A_ROUGE": 0.787,
    "ra_Truth_Ratio": 0.5363897040421125,
    "wf_Q_A_Prob": 0.43997053916321627,
    "wf_Q_A_ROUGE": 0.8051282051282052,
    "wf_Truth_Ratio": 0.6019101524405055
  },
  "model_utility": 0.5632112841968725,
  "fluency": 0.8998783931555226,
  "utility": 0.6928101172144882,
  "fluency_model": "madhurjindal/autonlp-Gibberish-Detector-492513457"
}