{
  "model": "open-unlearning/unlearn_tofu_Llama-3.2-1B-Instruct_forget10_IdkNLL_lr2e-05_alpha1_epoch10",
  "metrics": {
    "rouge": 0.011805100635337303,
    "para_rouge": 0.012149805793285678,
    "jailbreak_rouge": 0.3267772140279162
  }
}