{
  "model": "open-unlearning/unlearn_tofu_Llama-3.2-1B-Instruct_forget10_NPO_lr1e-05_beta0.1_alpha5_epoch10",
  "num_examples": 400,
  "avg_em": 0.7293246001750231,
  "avg_es": 0.10785885495480824,
  "avg_prob": 0.3408945659175515,
  "avg_paraprob": 0.08723723565228284,
  "avg_truth_ratio": 0.6126174646994287,
  "avg_mem": 0.4710113943743642,
  "missing_paraphrase": false,
  "missing_wrong": false
}