{
  "model": "open-unlearning/unlearn_tofu_Llama-3.2-1B-Instruct_forget10_NPO_lr5e-05_beta0.1_alpha1_epoch5",
  "num_examples": 400,
  "avg_em": 0.5519315399229526,
  "avg_es": 0.07889455532141285,
  "avg_prob": 0.046623683581401565,
  "avg_paraprob": 0.020404814946596163,
  "avg_truth_ratio": 0.5538587846770903,
  "avg_mem": 0.6079280084810357,
  "missing_paraphrase": false,
  "missing_wrong": false
}