{
  "model": "open-unlearning/unlearn_tofu_Llama-3.2-1B-Instruct_forget10_UNDIAL_lr0.0001_beta10_alpha5_epoch5",
  "attack": "all",
  "attacks": {
    "loss": {
      "auc": 0.7258437499999999,
      "retain_auc": 0.38283124999999996,
      "full_auc": 0.9958281250000001,
      "s_mia": 0.4404335258642226
    },
    "zlib": {
      "auc": 0.59789375,
      "retain_auc": 0.30548125000000004,
      "full_auc": 0.99625,
      "s_mia": 0.5766853957999692
    },
    "min_k": {
      "auc": 0.8720718749999999,
      "retain_auc": 0.37810625,
      "full_auc": 0.99600625,
      "s_mia": 0.20057351513189847
    },
    "min_k++": {
      "auc": 0.9338375000000001,
      "retain_auc": 0.47179375,
      "full_auc": 0.997425,
      "s_mia": 0.12097359127715468
    }
  },
  "privacy_score": 0.23179660693292245,
  "reference_model": "open-unlearning/tofu_Llama-3.2-1B-Instruct_retain90",
  "full_model": "open-unlearning/tofu_Llama-3.2-1B-Instruct_full"
}