{
  "model": "open-unlearning/unlearn_tofu_Llama-3.2-1B-Instruct_forget10_AltPO_lr2e-05_beta0.1_alpha2_epoch10",
  "attack": "all",
  "attacks": {
    "loss": {
      "auc": 0.822771875,
      "retain_auc": 0.38235312499999996,
      "full_auc": 0.99588125,
      "s_mia": 0.28215393548584267
    },
    "zlib": {
      "auc": 0.7116250000000001,
      "retain_auc": 0.304609375,
      "full_auc": 0.99625,
      "s_mia": 0.4115215181294476
    },
    "min_k": {
      "auc": 0.8122812500000002,
      "retain_auc": 0.37731562500000004,
      "full_auc": 0.996125,
      "s_mia": 0.2970927032254479
    },
    "min_k++": {
      "auc": 0.8080374999999999,
      "retain_auc": 0.470575,
      "full_auc": 0.9974625,
      "s_mia": 0.3595169746862473
    }
  },
  "privacy_score": 0.32998852016821134,
  "reference_model": "open-unlearning/tofu_Llama-3.2-1B-Instruct_retain90",
  "full_model": "open-unlearning/tofu_Llama-3.2-1B-Instruct_full"
}