{
  "model": "open-unlearning/unlearn_tofu_Llama-3.2-1B-Instruct_forget10_UNDIAL_lr0.0001_beta10_alpha2_epoch5",
  "num_examples": 400,
  "avg_em": 0.4637042672932148,
  "avg_es": 0.05858686312816319,
  "avg_prob": 0.19801625674590467,
  "avg_paraprob": 0.09887872573919594,
  "avg_truth_ratio": 0.6236663047364445,
  "avg_mem": 0.5975660683011744,
  "missing_paraphrase": false,
  "missing_wrong": false
}