{
  "model": "open-unlearning/unlearn_tofu_Llama-3.2-1B-Instruct_forget10_UNDIAL_lr0.0001_beta10_alpha1_epoch10",
  "attack": "all",
  "attacks": {
    "loss": {
      "auc": 0.431621875,
      "retain_auc": 0.38235312499999996,
      "full_auc": 0.99588125,
      "s_mia": 0.8711433311810907
    },
    "zlib": {
      "auc": 0.306528125,
      "retain_auc": 0.304609375,
      "full_auc": 0.99625,
      "s_mia": 0.9937009489612723
    },
    "min_k": {
      "auc": 0.8139375,
      "retain_auc": 0.37731562500000004,
      "full_auc": 0.996125,
      "s_mia": 0.0
    },
    "min_k++": {
      "auc": 0.8191124999999999,
      "retain_auc": 0.470575,
      "full_auc": 0.9974625,
      "s_mia": 0.25933698135260086
    }
  },
  "privacy_score": 3.999999999975959e-12,
  "reference_model": "open-unlearning/tofu_Llama-3.2-1B-Instruct_retain90",
  "full_model": "open-unlearning/tofu_Llama-3.2-1B-Instruct_full"
}