{
  "faithfulness": {
    "em": {
      "auc": 0.8114942528735632,
      "p_count": 30,
      "n_count": 29,
      "p_mean": 0.7479648032834132,
      "n_mean": 0.63123947456736
    },
    "es": {
      "auc": 0.8655172413793103,
      "p_count": 30,
      "n_count": 29,
      "p_mean": 0.2995523401843929,
      "n_mean": 0.08756913256666939
    },
    "jailbreak_rouge": {
      "auc": 0.7402298850574713,
      "p_count": 30,
      "n_count": 29,
      "p_mean": 0.4901642117322206,
      "n_mean": 0.39847624893031364
    },
    "mia_loss": {
      "auc": 0.896551724137931,
      "p_count": 30,
      "n_count": 29,
      "p_mean": 0.7110681250000002,
      "n_mean": 0.4468551724137932
    },
    "mia_min_k": {
      "auc": 0.903448275862069,
      "p_count": 30,
      "n_count": 29,
      "p_mean": 0.7136629166666669,
      "n_mean": 0.4413102370689655
    },
    "mia_min_kpp": {
      "auc": 0.8091954022988506,
      "p_count": 30,
      "n_count": 29,
      "p_mean": 0.6829481250000001,
      "n_mean": 0.5017584051724138
    },
    "mia_zlib": {
      "auc": 0.864367816091954,
      "p_count": 30,
      "n_count": 29,
      "p_mean": 0.6551162500000001,
      "n_mean": 0.37435258620689654
    },
    "para_rouge": {
      "auc": 0.8379310344827586,
      "p_count": 30,
      "n_count": 29,
      "p_mean": 0.33997996483109105,
      "n_mean": 0.2877051525777449
    },
    "paraprob": {
      "auc": 0.7068965517241379,
      "p_count": 30,
      "n_count": 29,
      "p_mean": 0.08075048564688285,
      "n_mean": 0.05549884640399451
    },
    "prob": {
      "auc": 0.8229885057471265,
      "p_count": 30,
      "n_count": 29,
      "p_mean": 0.3909634308104481,
      "n_mean": 0.14272368503487587
    },
    "rouge": {
      "auc": 0.7241379310344828,
      "p_count": 30,
      "n_count": 29,
      "p_mean": 0.5466869812673025,
      "n_mean": 0.4330633856419446
    },
    "truth_ratio": {
      "auc": 0.9471264367816092,
      "p_count": 30,
      "n_count": 29,
      "p_mean": 0.6490660478753326,
      "n_mean": 0.5678200925048063
    },
    "uds": {
      "auc": 0.9701149425287356,
      "p_count": 30,
      "n_count": 29,
      "p_mean": 0.5143437248171913,
      "n_mean": 0.15079913125584105
    }
  },
  "delta_threshold": 0.05,
  "patch_scope": "span",
  "em_scope": "entity",
  "batch_size": 32,
  "n_valid_examples": 367,
  "metrics": [
    "em",
    "es",
    "jailbreak_rouge",
    "mia_loss",
    "mia_min_k",
    "mia_min_kpp",
    "mia_zlib",
    "para_rouge",
    "paraprob",
    "prob",
    "rouge",
    "truth_ratio",
    "uds"
  ]
}