{
  "model": "open-unlearning/unlearn_tofu_Llama-3.2-1B-Instruct_forget10_SimNPO_lr5e-05_b3.5_a1_d1_g0.25_ep5",
  "attack": "all",
  "attacks": {
    "loss": {
      "auc": 0.231684375,
      "retain_auc": 0.38283124999999996,
      "full_auc": 0.9958281250000001,
      "s_mia": 0.7534296157708799
    },
    "zlib": {
      "auc": 0.19780625000000002,
      "retain_auc": 0.30548125000000004,
      "full_auc": 0.99625,
      "s_mia": 0.844122942735901
    },
    "min_k": {
      "auc": 0.196659375,
      "retain_auc": 0.37810625,
      "full_auc": 0.99600625,
      "s_mia": 0.7063491260721799
    },
    "min_k++": {
      "auc": 0.18256249999999996,
      "retain_auc": 0.47179375,
      "full_auc": 0.997425,
      "s_mia": 0.4497449495249758
    }
  },
  "privacy_score": 0.6502861225651854,
  "reference_model": "open-unlearning/tofu_Llama-3.2-1B-Instruct_retain90",
  "full_model": "open-unlearning/tofu_Llama-3.2-1B-Instruct_full"
}