{
  "model": "open-unlearning/unlearn_tofu_Llama-3.2-1B-Instruct_forget10_NPO_lr5e-05_beta0.1_alpha2_epoch10",
  "attack": "all",
  "attacks": {
    "loss": {
      "auc": 0.14819687499999998,
      "retain_auc": 0.38235312499999996,
      "full_auc": 0.99588125,
      "s_mia": 0.387591640580942
    },
    "zlib": {
      "auc": 0.17582499999999998,
      "retain_auc": 0.304609375,
      "full_auc": 0.99625,
      "s_mia": 0.5772146704283149
    },
    "min_k": {
      "auc": 0.142409375,
      "retain_auc": 0.37731562500000004,
      "full_auc": 0.996125,
      "s_mia": 0.3774277171797483
    },
    "min_k++": {
      "auc": 0.27048125,
      "retain_auc": 0.470575,
      "full_auc": 0.9974625,
      "s_mia": 0.5747888221856239
    }
  },
  "privacy_score": 0.459676275396612,
  "reference_model": "open-unlearning/tofu_Llama-3.2-1B-Instruct_retain90",
  "full_model": "open-unlearning/tofu_Llama-3.2-1B-Instruct_full"
}