{
  "model": "open-unlearning/unlearn_tofu_Llama-3.2-1B-Instruct_forget10_IdkDPO_lr1e-05_beta0.1_alpha5_epoch10",
  "metrics": {
    "rouge": 0.3549112624359633,
    "para_rouge": 0.19409508032559905,
    "jailbreak_rouge": 0.4338396982524527
  }
}