{
  "model": "open-unlearning/unlearn_tofu_Llama-3.2-1B-Instruct_forget10_RMU_lr2e-05_layer15_scoeff10_epoch10",
  "metrics": {
    "rouge": 0.6691507547924767,
    "para_rouge": 0.3377516915258309,
    "jailbreak_rouge": 0.5444032747685351
  }
}