{
  "model": "open-unlearning/unlearn_tofu_Llama-3.2-1B-Instruct_forget10_UNDIAL_lr0.0001_beta10_alpha5_epoch5",
  "metrics": {
    "rouge": 0.3468981132635157,
    "para_rouge": 0.2528902464516375,
    "jailbreak_rouge": 0.33215028209015146
  }
}