{
  "open-unlearning/pos_tofu_Llama-3.2-1B-Instruct_full_lr1e-05_wd0.01_epoch5": {
    "metrics": {
      "em": 0.683491300046444,
      "es": 0.0809696693440371,
      "prob": 0.31026460831984876,
      "paraprob": 0.1430554720479995,
      "truth_ratio": 0.5956354849991208,
      "rouge": 0.43154431144190863,
      "para_rouge": 0.30217619564588655,
      "jailbreak_rouge": 0.41122421595321923,
      "mia_loss": 0.63641875,
      "mia_zlib": 0.54850625,
      "mia_min_k": 0.651971875,
      "mia_min_kpp": 0.6948187499999999
    },
    "pool": "P",
    "n_examples": 0,
    "elapsed_sec": 60.850520610809326
  },
  "open-unlearning/pos_tofu_Llama-3.2-1B-Instruct_retain90_forget10_bio_lr1e-05_wd0.01_epoch5": {
    "metrics": {
      "em": 0.6191363230347633,
      "es": 0.06333795556459952,
      "prob": 0.21208332441747188,
      "paraprob": 0.12149909937288612,
      "truth_ratio": 0.5568874158645967,
      "rouge": 0.40354753903902435,
      "para_rouge": 0.29263488662718395,
      "jailbreak_rouge": 0.38096131433876124,
      "mia_loss": 0.38550000000000006,
      "mia_zlib": 0.29935625,
      "mia_min_k": 0.379284375,
      "mia_min_kpp": 0.40823125000000005
    },
    "pool": "P",
    "n_examples": 0,
    "elapsed_sec": 58.51219582557678
  },
  "open-unlearning/pos_tofu_Llama-3.2-1B-Instruct_retain90_forget10_para_lr1e-05_wd0.01_epoch5": {
    "metrics": {
      "em": 0.6446597439050674,
      "es": 0.07298500029820375,
      "prob": 0.2537750024534762,
      "paraprob": 0.15055539797991513,
      "truth_ratio": 0.5972140593019047,
      "rouge": 0.4172587818124107,
      "para_rouge": 0.3051621783280286,
      "jailbreak_rouge": 0.3963798264260078,
      "mia_loss": 0.4842125,
      "mia_zlib": 0.39113437500000003,
      "mia_min_k": 0.488078125,
      "mia_min_kpp": 0.49018125
    },
    "pool": "P",
    "n_examples": 0,
    "elapsed_sec": 59.424524784088135
  },
  "open-unlearning/pos_tofu_Llama-3.2-1B-Instruct_full_lr1e-05_wd0.01_epoch10": {
    "metrics": {
      "em": 0.6974744083732367,
      "es": 0.09067282399228187,
      "prob": 0.3288114399462938,
      "paraprob": 0.14158880023285747,
      "truth_ratio": 0.6092721402950638,
      "rouge": 0.43375694664784314,
      "para_rouge": 0.30405973520714796,
      "jailbreak_rouge": 0.4152031598407413,
      "mia_loss": 0.6972999999999999,
      "mia_zlib": 0.617015625,
      "mia_min_k": 0.7150218749999999,
      "mia_min_kpp": 0.748925
    },
    "pool": "P",
    "n_examples": 0,
    "elapsed_sec": 59.82516431808472
  },
  "open-unlearning/pos_tofu_Llama-3.2-1B-Instruct_retain90_forget10_bio_lr1e-05_wd0.01_epoch10": {
    "metrics": {
      "em": 0.6163861183822155,
      "es": 0.06274002851936035,
      "prob": 0.20491558299399912,
      "paraprob": 0.11509261587169022,
      "truth_ratio": 0.5606881812335708,
      "rouge": 0.39890517389350433,
      "para_rouge": 0.29381164402854265,
      "jailbreak_rouge": 0.3844650569203703,
      "mia_loss": 0.385253125,
      "mia_zlib": 0.300925,
      "mia_min_k": 0.37931875,
      "mia_min_kpp": 0.40371875
    },
    "pool": "P",
    "n_examples": 0,
    "elapsed_sec": 59.667927265167236
  },
  "open-unlearning/pos_tofu_Llama-3.2-1B-Instruct_retain90_forget10_para_lr1e-05_wd0.01_epoch10": {
    "metrics": {
      "em": 0.6461290038377047,
      "es": 0.06981173265219712,
      "prob": 0.25598314590752125,
      "paraprob": 0.15002828639931975,
      "truth_ratio": 0.6110955156687925,
      "rouge": 0.4102634023991817,
      "para_rouge": 0.30479661457409846,
      "jailbreak_rouge": 0.39619879385293066,
      "mia_loss": 0.511284375,
      "mia_zlib": 0.4191281250000001,
      "mia_min_k": 0.516896875,
      "mia_min_kpp": 0.50518125
    },
    "pool": "P",
    "n_examples": 0,
    "elapsed_sec": 60.17999601364136
  },
  "open-unlearning/pos_tofu_Llama-3.2-1B-Instruct_full_lr2e-05_wd0.01_epoch5": {
    "metrics": {
      "em": 0.8903098224103451,
      "es": 0.28842955191877173,
      "prob": 0.6640178413689136,
      "paraprob": 0.12772998965810983,
      "truth_ratio": 0.67194928676153,
      "rouge": 0.5664983282613001,
      "para_rouge": 0.3252803829892891,
      "jailbreak_rouge": 0.48078515746605993,
      "mia_loss": 0.984484375,
      "mia_zlib": 0.9811749999999999,
      "mia_min_k": 0.9865437499999999,
      "mia_min_kpp": 0.9897
    },
    "pool": "P",
    "n_examples": 0,
    "elapsed_sec": 59.048455238342285
  },
  "open-unlearning/pos_tofu_Llama-3.2-1B-Instruct_retain90_forget10_bio_lr2e-05_wd0.01_epoch5": {
    "metrics": {
      "em": 0.6134208735823631,
      "es": 0.06507856448194053,
      "prob": 0.18315435493830592,
      "paraprob": 0.08473418751964346,
      "truth_ratio": 0.5858106482776965,
      "rouge": 0.39495295784548085,
      "para_rouge": 0.28814401886945884,
      "jailbreak_rouge": 0.3836372984413853,
      "mia_loss": 0.469578125,
      "mia_zlib": 0.382659375,
      "mia_min_k": 0.47102499999999997,
      "mia_min_kpp": 0.51968125
    },
    "pool": "P",
    "n_examples": 0,
    "elapsed_sec": 58.548022747039795
  },
  "open-unlearning/pos_tofu_Llama-3.2-1B-Instruct_retain90_forget10_para_lr2e-05_wd0.01_epoch5": {
    "metrics": {
      "em": 0.6682085551321506,
      "es": 0.10901960488844083,
      "prob": 0.2722463827766478,
      "paraprob": 0.13976068361662328,
      "truth_ratio": 0.6774439463345164,
      "rouge": 0.4225885995057439,
      "para_rouge": 0.3261440315354889,
      "jailbreak_rouge": 0.4130793603729817,
      "mia_loss": 0.6520531249999999,
      "mia_zlib": 0.59593125,
      "mia_min_k": 0.658853125,
      "mia_min_kpp": 0.604125
    },
    "pool": "P",
    "n_examples": 0,
    "elapsed_sec": 62.125189781188965
  },
  "open-unlearning/pos_tofu_Llama-3.2-1B-Instruct_full_lr2e-05_wd0.01_epoch10": {
    "metrics": {
      "em": 0.9570516608655453,
      "es": 0.5538543639932988,
      "prob": 0.8329196521639823,
      "paraprob": 0.06330825060023926,
      "truth_ratio": 0.6938704329583624,
      "rouge": 0.7008539532486209,
      "para_rouge": 0.3421031351192943,
      "jailbreak_rouge": 0.4860115048541469,
      "mia_loss": 0.9951937500000001,
      "mia_zlib": 0.99708125,
      "mia_min_k": 0.9954375,
      "mia_min_kpp": 0.9967875
    },
    "pool": "P",
    "n_examples": 0,
    "elapsed_sec": 87.03630495071411
  },
  "open-unlearning/pos_tofu_Llama-3.2-1B-Instruct_retain90_forget10_bio_lr2e-05_wd0.01_epoch10": {
    "metrics": {
      "em": 0.5917657290399074,
      "es": 0.059539278280633524,
      "prob": 0.10489267547731287,
      "paraprob": 0.03999654803221347,
      "truth_ratio": 0.5919129482400716,
      "rouge": 0.3894093769220599,
      "para_rouge": 0.28572646530119533,
      "jailbreak_rouge": 0.3744190750709683,
      "mia_loss": 0.47659999999999997,
      "mia_zlib": 0.390390625,
      "mia_min_k": 0.478475,
      "mia_min_kpp": 0.511875
    },
    "pool": "P",
    "n_examples": 0,
    "elapsed_sec": 82.79253816604614
  },
  "open-unlearning/pos_tofu_Llama-3.2-1B-Instruct_retain90_forget10_para_lr2e-05_wd0.01_epoch10": {
    "metrics": {
      "em": 0.6496306963264942,
      "es": 0.10432224352108158,
      "prob": 0.1774451317335479,
      "paraprob": 0.07461773653078126,
      "truth_ratio": 0.70132283954825,
      "rouge": 0.45230995421828246,
      "para_rouge": 0.36591159800491824,
      "jailbreak_rouge": 0.4143694884198612,
      "mia_loss": 0.6287625000000001,
      "mia_zlib": 0.5725,
      "mia_min_k": 0.628928125,
      "mia_min_kpp": 0.54575625
    },
    "pool": "P",
    "n_examples": 0,
    "elapsed_sec": 82.97072219848633
  },
  "open-unlearning/pos_tofu_Llama-3.2-1B-Instruct_full_lr3e-05_wd0.01_epoch5": {
    "metrics": {
      "em": 0.9825850753486156,
      "es": 0.8146748954513596,
      "prob": 0.9199850606918335,
      "paraprob": 0.09302766679786145,
      "truth_ratio": 0.68571165949809,
      "rouge": 0.8721429226123898,
      "para_rouge": 0.35673058569163574,
      "jailbreak_rouge": 0.682235945099544,
      "mia_loss": 0.996703125,