{
  "model": "open-unlearning/unlearn_tofu_Llama-3.2-1B-Instruct_forget10_IdkDPO_lr1e-05_beta0.1_alpha1_epoch5",
  "metrics": {
    "retain_Q_A_Prob": 0.8271162101626396,
    "retain_Q_A_ROUGE": 0.5735882727237829,
    "retain_Truth_Ratio": 0.5026154798181754,
    "ra_Q_A_Prob": 0.39254895501027065,
    "ra_Q_A_ROUGE": 0.7545000000000001,
    "ra_Truth_Ratio": 0.5005369171384573,
    "wf_Q_A_Prob": 0.4331999150208521,
    "wf_Q_A_ROUGE": 0.8022792022792024,
    "wf_Truth_Ratio": 0.5824002477537148
  },
  "model_utility": 0.559541561125594,
  "fluency": 0.9152507744543255,
  "utility": 0.6944989268051569,
  "fluency_model": "madhurjindal/autonlp-Gibberish-Detector-492513457"
}