{
  "model": "open-unlearning/unlearn_tofu_Llama-3.2-1B-Instruct_forget10_IdkNLL_lr2e-05_alpha2_epoch5",
  "attack": "all",
  "attacks": {
    "loss": {
      "auc": 0.993725,
      "retain_auc": 0.38283124999999996,
      "full_auc": 0.9958281250000001,
      "s_mia": 0.00343089024719756
    },
    "zlib": {
      "auc": 0.9928624999999999,
      "retain_auc": 0.30548125000000004,
      "full_auc": 0.99625,
      "s_mia": 0.0049039566425089776
    },
    "min_k": {
      "auc": 0.9938499999999999,
      "retain_auc": 0.37810625,
      "full_auc": 0.99600625,
      "s_mia": 0.003489642336947818
    },
    "min_k++": {
      "auc": 0.99031875,
      "retain_auc": 0.47179375,
      "full_auc": 0.997425,
      "s_mia": 0.013519458746031554
    }
  },
  "privacy_score": 0.00467335421101954,
  "reference_model": "open-unlearning/tofu_Llama-3.2-1B-Instruct_retain90",
  "full_model": "open-unlearning/tofu_Llama-3.2-1B-Instruct_full"
}