{
  "model": "open-unlearning/unlearn_tofu_Llama-3.2-1B-Instruct_forget10_SimNPO_lr2e-05_b4.5_a1_d1_g0.25_ep10",
  "attack": "all",
  "attacks": {
    "loss": {
      "auc": 0.6572218750000001,
      "retain_auc": 0.38235312499999996,
      "full_auc": 0.99588125,
      "s_mia": 0.5519867161753993
    },
    "zlib": {
      "auc": 0.5278468749999999,
      "retain_auc": 0.304609375,
      "full_auc": 0.99625,
      "s_mia": 0.6772348356489326
    },
    "min_k": {
      "auc": 0.6251374999999999,
      "retain_auc": 0.37731562500000004,
      "full_auc": 0.996125,
      "s_mia": 0.5995182280488238
    },
    "min_k++": {
      "auc": 0.30885624999999994,
      "retain_auc": 0.470575,
      "full_auc": 0.9974625,
      "s_mia": 0.6930677801238403
    }
  },
  "privacy_score": 0.6250882158395757,
  "reference_model": "open-unlearning/tofu_Llama-3.2-1B-Instruct_retain90",
  "full_model": "open-unlearning/tofu_Llama-3.2-1B-Instruct_full"
}