{
  "model": "open-unlearning/unlearn_tofu_Llama-3.2-1B-Instruct_forget10_AltPO_lr5e-05_beta0.1_alpha2_epoch10",
  "metrics": {
    "rouge": 0.3485037503155781,
    "para_rouge": 0.2664078459487019,
    "jailbreak_rouge": 0.32438893776620786
  }
}