{
  "model": "open-unlearning/unlearn_tofu_Llama-3.2-1B-Instruct_forget10_IdkDPO_lr5e-05_beta0.1_alpha2_epoch5",
  "attack": "all",
  "attacks": {
    "loss": {
      "auc": 0.650740625,
      "retain_auc": 0.38283124999999996,
      "full_auc": 0.9958281250000001,
      "s_mia": 0.5629514832355386
    },
    "zlib": {
      "auc": 0.5383593750000001,
      "retain_auc": 0.30548125000000004,
      "full_auc": 0.99625,
      "s_mia": 0.6628710766084887
    },
    "min_k": {
      "auc": 0.6413781249999999,
      "retain_auc": 0.37810625,
      "full_auc": 0.99600625,
      "s_mia": 0.5739247855640073
    },
    "min_k++": {
      "auc": 0.60473125,
      "retain_auc": 0.47179375,
      "full_auc": 0.997425,
      "s_mia": 0.7470898086824175
    }
  },
  "privacy_score": 0.6283521858660709,
  "reference_model": "open-unlearning/tofu_Llama-3.2-1B-Instruct_retain90",
  "full_model": "open-unlearning/tofu_Llama-3.2-1B-Instruct_full"
}