{
  "model": "open-unlearning/unlearn_tofu_Llama-3.2-1B-Instruct_forget10_RMU_lr5e-05_layer5_scoeff10_epoch5",
  "num_examples": 400,
  "avg_em": 0.058998202772345396,
  "avg_es": 0.03128339478283871,
  "avg_prob": 0.001195602932901636,
  "avg_paraprob": 0.00020509777541178665,
  "avg_truth_ratio": 0.4924292487189478,
  "avg_mem": 0.7896766048295301,
  "missing_paraphrase": false,
  "missing_wrong": false
}