{
  "model": "open-unlearning/unlearn_tofu_Llama-3.2-1B-Instruct_forget10_IdkNLL_lr5e-05_alpha5_epoch10",
  "attack": "all",
  "attacks": {
    "loss": {
      "auc": 0.97903125,
      "retain_auc": 0.38235312499999996,
      "full_auc": 0.99588125,
      "s_mia": 0.027464103621981484
    },
    "zlib": {
      "auc": 0.95856875,
      "retain_auc": 0.304609375,
      "full_auc": 0.99625,
      "s_mia": 0.054480966903874606
    },
    "min_k": {
      "auc": 0.980575,
      "retain_auc": 0.37731562500000004,
      "full_auc": 0.996125,
      "s_mia": 0.025128901772052292
    },
    "min_k++": {
      "auc": 0.9715750000000001,
      "retain_auc": 0.470575,
      "full_auc": 0.9974625,
      "s_mia": 0.04913287940974087
    }
  },
  "privacy_score": 0.034808644538834387,
  "reference_model": "open-unlearning/tofu_Llama-3.2-1B-Instruct_retain90",
  "full_model": "open-unlearning/tofu_Llama-3.2-1B-Instruct_full"
}