{
  "model": "open-unlearning/unlearn_tofu_Llama-3.2-1B-Instruct_forget10_IdkNLL_lr2e-05_alpha1_epoch10",
  "metrics": {
    "retain_Q_A_Prob": 0.8443094120919704,
    "retain_Q_A_ROUGE": 0.5349892587310289,
    "retain_Truth_Ratio": 0.5245907884255206,
    "ra_Q_A_Prob": 0.3865923468873476,
    "ra_Q_A_ROUGE": 0.35700000000000004,
    "ra_Truth_Ratio": 0.4845475196571362,
    "wf_Q_A_Prob": 0.4158635389280685,
    "wf_Q_A_ROUGE": 0.7310541310541311,
    "wf_Truth_Ratio": 0.5647855080428492
  },
  "model_utility": 0.501265527179062,
  "fluency": 0.9641723297536373,
  "utility": 0.6596067501324598,
  "fluency_model": "madhurjindal/autonlp-Gibberish-Detector-492513457"
}