{
  "model": "open-unlearning/unlearn_tofu_Llama-3.2-1B-Instruct_forget10_AltPO_lr5e-05_beta0.1_alpha1_epoch5",
  "attack": "all",
  "attacks": {
    "loss": {
      "auc": 0.384046875,
      "retain_auc": 0.38283124999999996,
      "full_auc": 0.9958281250000001,
      "s_mia": 0.9980169148496881
    },
    "zlib": {
      "auc": 0.334184375,
      "retain_auc": 0.30548125000000004,
      "full_auc": 0.99625,
      "s_mia": 0.9584475629506981
    },
    "min_k": {
      "auc": 0.38410000000000005,
      "retain_auc": 0.37810625,
      "full_auc": 0.99600625,
      "s_mia": 0.9902998057938176
    },
    "min_k++": {
      "auc": 0.43656875000000006,
      "retain_auc": 0.47179375,
      "full_auc": 0.997425,
      "s_mia": 0.9329853390566106
    }
  },
  "privacy_score": 0.9692354172025954,
  "reference_model": "open-unlearning/tofu_Llama-3.2-1B-Instruct_retain90",
  "full_model": "open-unlearning/tofu_Llama-3.2-1B-Instruct_full"
}