{
  "model": "open-unlearning/unlearn_tofu_Llama-3.2-1B-Instruct_forget10_AltPO_lr5e-05_beta0.1_alpha1_epoch5",
  "attack": "all",
  "attacks": {
    "loss": {
      "auc": 0.384046875,
      "retain_auc": 0.38283124999999996,
      "full_auc": 0.9958281250000001,
      "s_mia": 0.9968246453234942
    },
    "zlib": {
      "auc": 0.334184375,
      "retain_auc": 0.30548125000000004,
      "full_auc": 0.99625,
      "s_mia": 0.9060396505513842
    },
    "min_k": {
      "auc": 0.38410000000000005,
      "retain_auc": 0.37810625,
      "full_auc": 0.99600625,
      "s_mia": 0.9841479742797161
    },
    "min_k++": {
      "auc": 0.43656875000000006,
      "retain_auc": 0.47179375,
      "full_auc": 0.997425,
      "s_mia": 0.9253381376925829
    }
  },
  "privacy_score": 0.9515464647585539,
  "reference_model": "open-unlearning/tofu_Llama-3.2-1B-Instruct_retain90",
  "full_model": "open-unlearning/tofu_Llama-3.2-1B-Instruct_full"
}