{
  "model": "open-unlearning/unlearn_tofu_Llama-3.2-1B-Instruct_forget10_GradDiff_lr5e-05_alpha2_epoch10",
  "attack": "all",
  "attacks": {
    "loss": {
      "auc": 0.017378125,
      "retain_auc": 0.38235312499999996,
      "full_auc": 0.99588125,
      "s_mia": 0.045450458918048664
    },
    "zlib": {
      "auc": 0.022412500000000002,
      "retain_auc": 0.304609375,
      "full_auc": 0.99625,
      "s_mia": 0.07357784047191585
    },
    "min_k": {
      "auc": 0.0157625,
      "retain_auc": 0.37731562500000004,
      "full_auc": 0.996125,
      "s_mia": 0.04177537042098378
    },
    "min_k++": {
      "auc": 0.009899999999999999,
      "retain_auc": 0.470575,
      "full_auc": 0.9974625,
      "s_mia": 0.021038091696328975
    }
  },
  "privacy_score": 0.037361038736058005,
  "reference_model": "open-unlearning/tofu_Llama-3.2-1B-Instruct_retain90",
  "full_model": "open-unlearning/tofu_Llama-3.2-1B-Instruct_full"
}