{
  "model": "open-unlearning/unlearn_tofu_Llama-3.2-1B-Instruct_forget10_GradDiff_lr5e-05_alpha2_epoch10",
  "num_examples": 400,
  "avg_em": 0.0035320571064949035,
  "avg_es": 0.032508929975135215,
  "avg_prob": 3.174510654346818e-11,
  "avg_paraprob": 5.651821095715165e-09,
  "avg_truth_ratio": 0.009685023276234725,
  "avg_mem": 0.9884046313784385,
  "missing_paraphrase": false,
  "missing_wrong": false
}