{
  "model": "open-unlearning/unlearn_tofu_Llama-3.2-1B-Instruct_forget10_SimNPO_lr2e-05_b3.5_a1_d1_g0.25_ep5",
  "metrics": {
    "rouge": 0.3941818370830164,
    "para_rouge": 0.2766149781808815,
    "jailbreak_rouge": 0.3776113000574899
  }
}