{
  "model": "open-unlearning/tofu_Llama-3.2-1B-Instruct_retain90",
  "attack": "all",
  "attacks": {
    "loss": {
      "auc": 0.38235312499999996,
      "retain_auc": 0.38235312499999996,
      "full_auc": 0.99588125,
      "s_mia": 1.0
    },
    "zlib": {
      "auc": 0.304609375,
      "retain_auc": 0.304609375,
      "full_auc": 0.99625,
      "s_mia": 1.0
    },
    "min_k": {
      "auc": 0.37731562500000004,
      "retain_auc": 0.37731562500000004,
      "full_auc": 0.996125,
      "s_mia": 1.0
    },
    "min_k++": {
      "auc": 0.470575,
      "retain_auc": 0.470575,
      "full_auc": 0.9974625,
      "s_mia": 1.0
    }
  },
  "privacy_score": 1.000000000001,
  "reference_model": "open-unlearning/tofu_Llama-3.2-1B-Instruct_retain90",
  "full_model": "open-unlearning/tofu_Llama-3.2-1B-Instruct_full"
}