{
  "model": "open-unlearning/unlearn_tofu_Llama-3.2-1B-Instruct_forget10_IdkDPO_lr1e-05_beta0.1_alpha5_epoch5",
  "metrics": {
    "retain_Q_A_Prob": 0.8573875968903303,
    "retain_Q_A_ROUGE": 0.730558941023396,
    "retain_Truth_Ratio": 0.5140276519738087,
    "ra_Q_A_Prob": 0.4033744700709358,
    "ra_Q_A_ROUGE": 0.807,
    "ra_Truth_Ratio": 0.5208701308267918,
    "wf_Q_A_Prob": 0.4227820565297659,
    "wf_Q_A_ROUGE": 0.827920227920228,
    "wf_Truth_Ratio": 0.5791200192829836
  },
  "model_utility": 0.5837118917183278,
  "fluency": 0.8939996846253052,
  "utility": 0.7062788915820829,
  "fluency_model": "madhurjindal/autonlp-Gibberish-Detector-492513457"
}