{
  "model": "open-unlearning/unlearn_tofu_Llama-3.2-1B-Instruct_forget10_SimNPO_lr2e-05_b3.5_a1_d1_g0.125_ep5",
  "metrics": {
    "retain_Q_A_Prob": 0.8613554309308529,
    "retain_Q_A_ROUGE": 0.7421578892502052,
    "retain_Truth_Ratio": 0.5190094312507512,
    "ra_Q_A_Prob": 0.4165480131804834,
    "ra_Q_A_ROUGE": 0.7945,
    "ra_Truth_Ratio": 0.5336285574292625,
    "wf_Q_A_Prob": 0.4236497297628903,
    "wf_Q_A_ROUGE": 0.8222222222222223,
    "wf_Truth_Ratio": 0.6029060246985802
  },
  "model_utility": 0.5919603897420139,
  "fluency": 0.8806706184404902,
  "utility": 0.7080145937855056,
  "fluency_model": "madhurjindal/autonlp-Gibberish-Detector-492513457"
}