{
  "model": "open-unlearning/unlearn_tofu_Llama-3.2-1B-Instruct_forget10_AltPO_lr1e-05_beta0.1_alpha5_epoch10",
  "attack": "all",
  "attacks": {
    "loss": {
      "auc": 0.982746875,
      "retain_auc": 0.38235312499999996,
      "full_auc": 0.99588125,
      "s_mia": 0.021407942789908874
    },
    "zlib": {
      "auc": 0.94635,
      "retain_auc": 0.304609375,
      "full_auc": 0.99625,
      "s_mia": 0.07214729470236081
    },
    "min_k": {
      "auc": 0.98265625,
      "retain_auc": 0.37731562500000004,
      "full_auc": 0.996125,
      "s_mia": 0.02176558815063201
    },
    "min_k++": {
      "auc": 0.9809125000000001,
      "retain_auc": 0.470575,
      "full_auc": 0.9974625,
      "s_mia": 0.03141087993167391
    }
  },
  "privacy_score": 0.028911687254430586,
  "reference_model": "open-unlearning/tofu_Llama-3.2-1B-Instruct_retain90",
  "full_model": "open-unlearning/tofu_Llama-3.2-1B-Instruct_full"
}