{
  "model": "open-unlearning/unlearn_tofu_Llama-3.2-1B-Instruct_forget10_NPO_lr5e-05_beta0.1_alpha2_epoch5",
  "metrics": {
    "rouge": 0.28856872626391217,
    "para_rouge": 0.20881910702073037,
    "jailbreak_rouge": 0.2619628968391188
  }
}