{
  "model": "open-unlearning/unlearn_tofu_Llama-3.2-1B-Instruct_forget10_GradDiff_lr1e-05_alpha2_epoch5",
  "attack": "all",
  "attacks": {
    "loss": {
      "auc": 0.9193062500000001,
      "retain_auc": 0.38283124999999996,
      "full_auc": 0.9958281250000001,
      "s_mia": 0.12483240636422488
    },
    "zlib": {
      "auc": 0.9057562499999999,
      "retain_auc": 0.30548125000000004,
      "full_auc": 0.99625,
      "s_mia": 0.13100440632266597
    },
    "min_k": {
      "auc": 0.9171,
      "retain_auc": 0.37810625,
      "full_auc": 0.99600625,
      "s_mia": 0.12770067972163768
    },
    "min_k++": {
      "auc": 0.7404750000000001,
      "retain_auc": 0.47179375,
      "full_auc": 0.997425,
      "s_mia": 0.4888407985636316
    }
  },
  "privacy_score": 0.1567365010709636,
  "reference_model": "open-unlearning/tofu_Llama-3.2-1B-Instruct_retain90",
  "full_model": "open-unlearning/tofu_Llama-3.2-1B-Instruct_full"
}