{
  "model": "open-unlearning/unlearn_tofu_Llama-3.2-1B-Instruct_forget10_GradDiff_lr5e-05_alpha5_epoch5",
  "metrics": {
    "rouge": 0.03231984353879762,
    "para_rouge": 0.02018382901684428,
    "jailbreak_rouge": 0.028657424957961933
  }
}