{
  "model": "open-unlearning/unlearn_tofu_Llama-3.2-1B-Instruct_forget10_GradDiff_lr2e-05_alpha5_epoch5",
  "attack": "all",
  "attacks": {
    "loss": {
      "auc": 0.44781875000000004,
      "retain_auc": 0.38283124999999996,
      "full_auc": 0.9958281250000001,
      "s_mia": 0.8939839619900182
    },
    "zlib": {
      "auc": 0.4084062500000001,
      "retain_auc": 0.30548125000000004,
      "full_auc": 0.99625,
      "s_mia": 0.8509993395039945
    },
    "min_k": {
      "auc": 0.43074375,
      "retain_auc": 0.37810625,
      "full_auc": 0.99600625,
      "s_mia": 0.9148122673571776
    },
    "min_k++": {
      "auc": 0.39485000000000003,
      "retain_auc": 0.47179375,
      "full_auc": 0.997425,
      "s_mia": 0.8536164849407261
    }
  },
  "privacy_score": 0.8775231937313737,
  "reference_model": "open-unlearning/tofu_Llama-3.2-1B-Instruct_retain90",
  "full_model": "open-unlearning/tofu_Llama-3.2-1B-Instruct_full"
}