{
  "model": "open-unlearning/unlearn_tofu_Llama-3.2-1B-Instruct_forget10_SimNPO_lr1e-05_b4.5_a1_d1_g0.125_ep10",
  "attack": "all",
  "attacks": {
    "loss": {
      "auc": 0.983225,
      "retain_auc": 0.38235312499999996,
      "full_auc": 0.99588125,
      "s_mia": 0.020628638662653076
    },
    "zlib": {
      "auc": 0.9635375,
      "retain_auc": 0.304609375,
      "full_auc": 0.99625,
      "s_mia": 0.04729696148198337
    },
    "min_k": {
      "auc": 0.9833125,
      "retain_auc": 0.37731562500000004,
      "full_auc": 0.996125,
      "s_mia": 0.020705083855589668
    },
    "min_k++": {
      "auc": 0.8909,
      "retain_auc": 0.470575,
      "full_auc": 0.9974625,
      "s_mia": 0.20224905696187512
    }
  },
  "privacy_score": 0.032557112238341554,
  "reference_model": "open-unlearning/tofu_Llama-3.2-1B-Instruct_retain90",
  "full_model": "open-unlearning/tofu_Llama-3.2-1B-Instruct_full"
}