{
  "model": "open-unlearning/unlearn_tofu_Llama-3.2-1B-Instruct_forget10_UNDIAL_lr1e-05_beta10_alpha2_epoch5",
  "metrics": {
    "retain_Q_A_Prob": 0.8440994042158126,
    "retain_Q_A_ROUGE": 0.7954697162384905,
    "retain_Truth_Ratio": 0.517408056102325,
    "ra_Q_A_Prob": 0.43851159853392824,
    "ra_Q_A_ROUGE": 0.7945,
    "ra_Truth_Ratio": 0.5580844932594582,
    "wf_Q_A_Prob": 0.45328882837575357,
    "wf_Q_A_ROUGE": 0.8222222222222223,
    "wf_Truth_Ratio": 0.6231781605972345
  },
  "model_utility": 0.6108961596195824,
  "fluency": 0.8753899497073143,
  "utility": 0.7196089031454784,
  "fluency_model": "madhurjindal/autonlp-Gibberish-Detector-492513457"
}