{
  "model": "open-unlearning/unlearn_tofu_Llama-3.2-1B-Instruct_forget10_UNDIAL_lr0.0001_beta10_alpha5_epoch10",
  "metrics": {
    "rouge": 0.3389837923574626,
    "para_rouge": 0.25075052820560934,
    "jailbreak_rouge": 0.31085922340881145
  }
}