{
  "model": "open-unlearning/unlearn_tofu_Llama-3.2-1B-Instruct_forget10_IdkNLL_lr2e-05_alpha1_epoch5",
  "num_examples": 400,
  "avg_em": 0.9191580417752266,
  "avg_es": 0.5365124507228696,
  "avg_prob": 0.7466938059404492,
  "avg_paraprob": 0.09234003555495292,
  "avg_truth_ratio": 0.6830611300733807,
  "avg_mem": 0.21294394489801802,
  "missing_paraphrase": false,
  "missing_wrong": false
}