{
  "model": "open-unlearning/unlearn_tofu_Llama-3.2-1B-Instruct_forget10_IdkDPO_lr5e-05_beta0.1_alpha1_epoch5",
  "attack": "all",
  "attacks": {
    "loss": {
      "auc": 0.51055625,
      "retain_auc": 0.38283124999999996,
      "full_auc": 0.9958281250000001,
      "s_mia": 0.791638415774958
    },
    "zlib": {
      "auc": 0.4293937499999999,
      "retain_auc": 0.30548125000000004,
      "full_auc": 0.99625,
      "s_mia": 0.8206165232576026
    },
    "min_k": {
      "auc": 0.49953749999999997,
      "retain_auc": 0.37810625,
      "full_auc": 0.99600625,
      "s_mia": 0.8034775044505583
    },
    "min_k++": {
      "auc": 0.543925,
      "retain_auc": 0.47179375,
      "full_auc": 0.997425,
      "s_mia": 0.8627721430185135
    }
  },
  "privacy_score": 0.8187588377443423,
  "reference_model": "open-unlearning/tofu_Llama-3.2-1B-Instruct_retain90",
  "full_model": "open-unlearning/tofu_Llama-3.2-1B-Instruct_full"
}