{
  "model": "open-unlearning/unlearn_tofu_Llama-3.2-1B-Instruct_forget10_SimNPO_lr5e-05_b3.5_a1_d1_g0.25_ep10",
  "attack": "all",
  "attacks": {
    "loss": {
      "auc": 0.19515000000000002,
      "retain_auc": 0.38235312499999996,
      "full_auc": 0.99588125,
      "s_mia": 0.6948744199787094
    },
    "zlib": {
      "auc": 0.17951250000000002,
      "retain_auc": 0.304609375,
      "full_auc": 0.99625,
      "s_mia": 0.8191302383372868
    },
    "min_k": {
      "auc": 0.1609,
      "retain_auc": 0.37731562500000004,
      "full_auc": 0.996125,
      "s_mia": 0.6502709335972809
    },
    "min_k++": {
      "auc": 0.1690125,
      "retain_auc": 0.470575,
      "full_auc": 0.9974625,
      "s_mia": 0.42765296197006
    }
  },
  "privacy_score": 0.6119875012665438,
  "reference_model": "open-unlearning/tofu_Llama-3.2-1B-Instruct_retain90",
  "full_model": "open-unlearning/tofu_Llama-3.2-1B-Instruct_full"
}