{
  "model": "open-unlearning/unlearn_tofu_Llama-3.2-1B-Instruct_forget10_IdkDPO_lr5e-05_beta0.1_alpha1_epoch10",
  "metrics": {
    "rouge": 0.25464449379725845,
    "para_rouge": 0.185575830530791,
    "jailbreak_rouge": 0.25233484851478016
  }
}