{
  "model": "open-unlearning/unlearn_tofu_Llama-3.2-1B-Instruct_forget10_AltPO_lr5e-05_beta0.1_alpha5_epoch10",
  "metrics": {
    "rouge": 0.35548383239769393,
    "para_rouge": 0.27186415468756203,
    "jailbreak_rouge": 0.33435201992660746
  }
}