{
  "model": "open-unlearning/unlearn_tofu_Llama-3.2-1B-Instruct_forget10_SimNPO_lr1e-05_b3.5_a1_d1_g0.25_ep10",
  "attack": "all",
  "attacks": {
    "loss": {
      "auc": 0.9553906249999998,
      "retain_auc": 0.38235312499999996,
      "full_auc": 0.99588125,
      "s_mia": 0.06599636324740654
    },
    "zlib": {
      "auc": 0.9076062500000001,
      "retain_auc": 0.304609375,
      "full_auc": 0.99625,
      "s_mia": 0.12816446402349468
    },
    "min_k": {
      "auc": 0.9530687499999999,
      "retain_auc": 0.37731562500000004,
      "full_auc": 0.996125,
      "s_mia": 0.06957918179568645
    },
    "min_k++": {
      "auc": 0.7466750000000001,
      "retain_auc": 0.470575,
      "full_auc": 0.9974625,
      "s_mia": 0.47597921757490913
    }
  },
  "privacy_score": 0.10145107526270081,
  "reference_model": "open-unlearning/tofu_Llama-3.2-1B-Instruct_retain90",
  "full_model": "open-unlearning/tofu_Llama-3.2-1B-Instruct_full"
}