{
  "model": "open-unlearning/unlearn_tofu_Llama-3.2-1B-Instruct_forget10_AltPO_lr2e-05_beta0.1_alpha1_epoch5",
  "metrics": {
    "rouge": 0.3923848420962083,
    "para_rouge": 0.273529487024814,
    "jailbreak_rouge": 0.32399380753671364
  }
}