{
  "model": "open-unlearning/unlearn_tofu_Llama-3.2-1B-Instruct_forget10_SimNPO_lr2e-05_b3.5_a1_d1_g0.25_ep10",
  "num_examples": 400,
  "avg_em": 0.729301563501358,
  "avg_es": 0.10188561435365635,
  "avg_prob": 0.110631103933556,
  "avg_paraprob": 0.020183076052453543,
  "avg_truth_ratio": 0.6447135057387321,
  "avg_mem": 0.4628118877919504,
  "missing_paraphrase": false,
  "missing_wrong": false
}