{
  "model": "open-unlearning/unlearn_tofu_Llama-3.2-1B-Instruct_forget10_SimNPO_lr1e-05_b3.5_a1_d1_g0.125_ep10",
  "attack": "all",
  "attacks": {
    "loss": {
      "auc": 0.984146875,
      "retain_auc": 0.38235312499999996,
      "full_auc": 0.99588125,
      "s_mia": 0.0
    },
    "zlib": {
      "auc": 0.9640875000000001,
      "retain_auc": 0.304609375,
      "full_auc": 0.99625,
      "s_mia": 0.0
    },
    "min_k": {
      "auc": 0.9841125000000001,
      "retain_auc": 0.37731562500000004,
      "full_auc": 0.996125,
      "s_mia": 0.0
    },
    "min_k++": {
      "auc": 0.89665,
      "retain_auc": 0.470575,
      "full_auc": 0.9974625,
      "s_mia": 0.09456515964511525
    }
  },
  "privacy_score": 1.3333333333286334e-12,
  "reference_model": "open-unlearning/tofu_Llama-3.2-1B-Instruct_retain90",
  "full_model": "open-unlearning/tofu_Llama-3.2-1B-Instruct_full"
}