{
  "method": "simnpo",
  "num_examples": 50,
  "em_threshold": 0.5,
  "hard_avg_udr": 0.6418661017345227,
  "soft_avg_retention": 0.3378333322858318,
  "erasure_quality": {
    "n_evaluated": 38,
    "general_knowledge": 12,
    "over_erased": 17,
    "exact_erased": 8,
    "under_erased": 13,
    "over_erased_pct": 44.73684210526316,
    "exact_erased_pct": 21.05263157894737,
    "under_erased_pct": 34.21052631578947
  },
  "layer_stats": {
    "0": {
      "s1": 0.8436864399967845,
      "s2": 0.7905147228250672
    },
    "1": {
      "s1": 0.8235341746376226,
      "s2": 0.8104360314015484
    },
    "2": {
      "s1": 0.7821423251078419,
      "s2": 0.7564280948936118
    },
    "3": {
      "s1": 0.7779731532834977,
      "s2": 0.7673759774204417
    },
    "4": {
      "s1": 0.7381805424460595,
      "s2": 0.7547093107537751
    },
    "5": {
      "s1": 0.6478674470447291,
      "s2": 0.7181041721466082
    },
    "6": {
      "s1": 0.603931125894615,
      "s2": 0.6082904709728667
    },
    "7": {
      "s1": 0.6445673138445959,
      "s2": 0.6572519049411971
    },
    "8": {
      "s1": 0.6000793091290051,
      "s2": 0.5956987230353837
    },
    "9": {
      "s1": 0.5712922812143908,
      "s2": 0.4092600804519135
    },
    "10": {
      "s1": 0.5488554996051955,
      "s2": 0.4386703096187349
    },
    "11": {
      "s1": 0.5725563543060501,
      "s2": 0.4231355110839365
    },
    "12": {
      "s1": 0.5306674654171613,
      "s2": 0.43238160598520375
    },
    "13": {
      "s1": 0.5571576614955925,
      "s2": 0.4283692042913138
    },
    "14": {
      "s1": 0.5178841572220884,
      "s2": 0.39220253762464713
    },
    "15": {
      "s1": 0.5532687726067037,
      "s2": 0.4298948453169549
    }
  }
}