{
  "model": "open-unlearning/unlearn_tofu_Llama-3.2-1B-Instruct_forget10_IdkDPO_lr1e-05_beta0.1_alpha1_epoch10",
  "attack": "all",
  "attacks": {
    "loss": {
      "auc": 0.965478125,
      "retain_auc": 0.38235312499999996,
      "full_auc": 0.99588125,
      "s_mia": 0.04955457420961762
    },
    "zlib": {
      "auc": 0.929846875,
      "retain_auc": 0.304609375,
      "full_auc": 0.99625,
      "s_mia": 0.09600813283632681
    },
    "min_k": {
      "auc": 0.9660937500000001,
      "retain_auc": 0.37731562500000004,
      "full_auc": 0.996125,
      "s_mia": 0.04853069654932096
    },
    "min_k++": {
      "auc": 0.916975,
      "retain_auc": 0.470575,
      "full_auc": 0.9974625,
      "s_mia": 0.1527603141087993
    }
  },
  "privacy_score": 0.06926733891945915,
  "reference_model": "open-unlearning/tofu_Llama-3.2-1B-Instruct_retain90",
  "full_model": "open-unlearning/tofu_Llama-3.2-1B-Instruct_full"
}