{
  "model": "open-unlearning/unlearn_tofu_Llama-3.2-1B-Instruct_forget10_GradDiff_lr5e-05_alpha5_epoch10",
  "attack": "all",
  "attacks": {
    "loss": {
      "auc": 0.006159374999999999,
      "retain_auc": 0.38235312499999996,
      "full_auc": 0.99588125,
      "s_mia": 0.016109126870612167
    },
    "zlib": {
      "auc": 0.023343749999999996,
      "retain_auc": 0.304609375,
      "full_auc": 0.99625,
      "s_mia": 0.07663503462426258
    },
    "min_k": {
      "auc": 0.014334375000000002,
      "retain_auc": 0.37731562500000004,
      "full_auc": 0.996125,
      "s_mia": 0.03799040922304775
    },
    "min_k++": {
      "auc": 0.014556250000000003,
      "retain_auc": 0.470575,
      "full_auc": 0.9974625,
      "s_mia": 0.03093290123784731
    }
  },
  "privacy_score": 0.029900742158488126,
  "reference_model": "open-unlearning/tofu_Llama-3.2-1B-Instruct_retain90",
  "full_model": "open-unlearning/tofu_Llama-3.2-1B-Instruct_full"
}