{
  "model": "open-unlearning/unlearn_tofu_Llama-3.2-1B-Instruct_forget10_SimNPO_lr2e-05_b3.5_a1_d1_g0.125_ep5",
  "num_examples": 400,
  "avg_em": 0.7910885338485241,
  "avg_es": 0.1679373614621827,
  "avg_prob": 0.29587399344192816,
  "avg_paraprob": 0.03906202074373141,
  "avg_truth_ratio": 0.6529865724380869,
  "avg_mem": 0.4035947362882634,
  "missing_paraphrase": false,
  "missing_wrong": false
}