{
  "model": "open-unlearning/unlearn_tofu_Llama-3.2-1B-Instruct_forget10_SimNPO_lr5e-05_b3.5_a1_d1_g0.125_ep5",
  "attack": "all",
  "attacks": {
    "loss": {
      "auc": 0.48260000000000003,
      "retain_auc": 0.38283124999999996,
      "full_auc": 0.9958281250000001,
      "s_mia": 0.7393923562927528
    },
    "zlib": {
      "auc": 0.374659375,
      "retain_auc": 0.30548125000000004,
      "full_auc": 0.99625,
      "s_mia": 0.7735437936043539
    },
    "min_k": {
      "auc": 0.45336875,
      "retain_auc": 0.37810625,
      "full_auc": 0.99600625,
      "s_mia": 0.8009488073788782
    },
    "min_k++": {
      "auc": 0.3364625,
      "retain_auc": 0.47179375,
      "full_auc": 0.997425,
      "s_mia": 0.713155907639726
    }
  },
  "privacy_score": 0.7552940377634331,
  "reference_model": "open-unlearning/tofu_Llama-3.2-1B-Instruct_retain90",
  "full_model": "open-unlearning/tofu_Llama-3.2-1B-Instruct_full"
}