{
  "model": "open-unlearning/unlearn_tofu_Llama-3.2-1B-Instruct_forget10_UNDIAL_lr0.0001_beta10_alpha2_epoch10",
  "num_examples": 400,
  "avg_em": 0.3829571965150535,
  "avg_es": 0.04110371091525142,
  "avg_prob": 0.18033970520831644,
  "avg_paraprob": 0.09777775939553976,
  "avg_truth_ratio": 0.6304411008491663,
  "avg_mem": 0.6174934278047145,
  "missing_paraphrase": false,
  "missing_wrong": false
}