{
  "model": "open-unlearning/unlearn_tofu_Llama-3.2-1B-Instruct_forget10_RMU_lr5e-05_layer15_scoeff10_epoch10",
  "metrics": {
    "retain_Q_A_Prob": 0.7354542394727468,
    "retain_Q_A_ROUGE": 0.588591492246556,
    "retain_Truth_Ratio": 0.501822317519799,
    "ra_Q_A_Prob": 0.42818223520916265,
    "ra_Q_A_ROUGE": 0.747,
    "ra_Truth_Ratio": 0.5376011866766547,
    "wf_Q_A_Prob": 0.42704846228631577,
    "wf_Q_A_ROUGE": 0.8319088319088319,
    "wf_Truth_Ratio": 0.580970447445743
  },
  "model_utility": 0.5678005281836496,
  "fluency": 0.8723276309401262,
  "utility": 0.6878666825029105,
  "fluency_model": "madhurjindal/autonlp-Gibberish-Detector-492513457"
}