{
  "model": "open-unlearning/unlearn_tofu_Llama-3.2-1B-Instruct_forget10_IdkDPO_lr2e-05_beta0.1_alpha5_epoch5",
  "metrics": {
    "rouge": 0.27999018073283843,
    "para_rouge": 0.18053482048704153,
    "jailbreak_rouge": 0.29422004533463936
  }
}