{
  "model": "open-unlearning/unlearn_tofu_Llama-3.2-1B-Instruct_forget10_AltPO_lr5e-05_beta0.1_alpha5_epoch10",
  "attack": "all",
  "attacks": {
    "loss": {
      "auc": 0.46595625,
      "retain_auc": 0.38235312499999996,
      "full_auc": 0.99588125,
      "s_mia": 0.8637338345328505
    },
    "zlib": {
      "auc": 0.39122500000000004,
      "retain_auc": 0.304609375,
      "full_auc": 0.99625,
      "s_mia": 0.8747678752965096
    },
    "min_k": {
      "auc": 0.4624125,
      "retain_auc": 0.37731562500000004,
      "full_auc": 0.996125,
      "s_mia": 0.8624828930557169
    },
    "min_k++": {
      "auc": 0.5493937499999999,
      "retain_auc": 0.470575,
      "full_auc": 0.9974625,
      "s_mia": 0.8504068705368795
    }
  },
  "privacy_score": 0.862761502977267,
  "reference_model": "open-unlearning/tofu_Llama-3.2-1B-Instruct_retain90",
  "full_model": "open-unlearning/tofu_Llama-3.2-1B-Instruct_full"
}