{
  "model": "open-unlearning/unlearn_tofu_Llama-3.2-1B-Instruct_forget10_SimNPO_lr5e-05_b4.5_a1_d1_g0.125_ep5",
  "metrics": {
    "rouge": 0.377069959320485,
    "para_rouge": 0.272836791722617,
    "jailbreak_rouge": 0.3581185552353955
  }
}