{
  "model": "open-unlearning/unlearn_tofu_Llama-3.2-1B-Instruct_forget10_GradDiff_lr2e-05_alpha5_epoch10",
  "num_examples": 400,
  "avg_em": 0.030673615764826537,
  "avg_es": 0.032508929975135215,
  "avg_prob": 5.89574200037113e-05,
  "avg_paraprob": 8.524447335917312e-05,
  "avg_truth_ratio": 0.010479644069101911,
  "avg_mem": 0.9813731902231536,
  "missing_paraphrase": false,
  "missing_wrong": false
}