{
  "model": "open-unlearning/unlearn_tofu_Llama-3.2-1B-Instruct_forget10_SimNPO_lr1e-05_b3.5_a1_d1_g0.125_ep5",
  "metrics": {
    "rouge": 0.6163720313622683,
    "para_rouge": 0.3242719218411898,
    "jailbreak_rouge": 0.5045023310730768
  }
}