{
  "model": "open-unlearning/unlearn_tofu_Llama-3.2-1B-Instruct_forget10_RMU_lr5e-05_layer15_scoeff10_epoch5",
  "attack": "all",
  "attacks": {
    "loss": {
      "auc": 0.989140625,
      "retain_auc": 0.38283124999999996,
      "full_auc": 0.9958281250000001,
      "s_mia": 0.010909517279350078
    },
    "zlib": {
      "auc": 0.9855125,
      "retain_auc": 0.30548125000000004,
      "full_auc": 0.99625,
      "s_mia": 0.015544275852085065
    },
    "min_k": {
      "auc": 0.9904875,
      "retain_auc": 0.37810625,
      "full_auc": 0.99600625,
      "s_mia": 0.008931461401521346
    },
    "min_k++": {
      "auc": 0.9864937500000001,
      "retain_auc": 0.47179375,
      "full_auc": 0.997425,
      "s_mia": 0.020796423348117044
    }
  },
  "privacy_score": 0.012656449587086739,
  "reference_model": "open-unlearning/tofu_Llama-3.2-1B-Instruct_retain90",
  "full_model": "open-unlearning/tofu_Llama-3.2-1B-Instruct_full"
}