{
  "model": "open-unlearning/unlearn_tofu_Llama-3.2-1B-Instruct_forget10_SimNPO_lr2e-05_b3.5_a1_d1_g0.25_ep10",
  "metrics": {
    "rouge": 0.3852402807632721,
    "para_rouge": 0.2714818505256095,
    "jailbreak_rouge": 0.3700090080355691
  }
}