{
  "model": "open-unlearning/unlearn_tofu_Llama-3.2-1B-Instruct_forget10_IdkDPO_lr5e-05_beta0.1_alpha5_epoch10",
  "metrics": {
    "rouge": 0.2954732579417729,
    "para_rouge": 0.2144420582607386,
    "jailbreak_rouge": 0.2832380507595142
  }
}