{
  "model": "open-unlearning/unlearn_tofu_Llama-3.2-1B-Instruct_forget10_IdkDPO_lr5e-05_beta0.1_alpha2_epoch10",
  "metrics": {
    "rouge": 0.27431226947804654,
    "para_rouge": 0.20053495174050323,
    "jailbreak_rouge": 0.2646784595754797
  }
}