{
  "method": "simnpo",
  "example_indices": [
    0,
    1,
    2,
    3,
    4,
    5,
    6,
    7,
    8,
    9,
    10,
    11,
    12,
    13,
    14,
    15,
    16,
    17,
    18,
    19,
    20,
    21,
    22,
    23,
    24,
    25,
    26,
    27,
    28,
    29,
    30,
    31,
    32,
    33,
    34,
    35,
    36,
    37,
    38,
    39,
    40,
    41,
    42,
    43,
    44,
    45,
    46,
    47,
    48,
    49
  ],
  "num_examples": 50,
  "em_threshold": 0.5,
  "hard_avg_udr": 0.8249176644063009,
  "soft_avg_retention": 0.20603767750641652,
  "erasure_quality": {
    "n_evaluated": 44,
    "general_knowledge": 6,
    "over_erased": 31,
    "exact_erased": 3,
    "under_erased": 10,
    "over_erased_pct": 70.45454545454545,
    "exact_erased_pct": 6.818181818181818,
    "under_erased_pct": 22.727272727272727
  },
  "layer_stats": {
    "0": {
      "s1_em": 0.7351629677571279,
      "s2_em": 0.5155633656013393
    },
    "1": {
      "s1_em": 0.7165823388975945,
      "s2_em": 0.43843283045021586
    },
    "2": {
      "s1_em": 0.6378606553523819,
      "s2_em": 0.3904684993564731
    },
    "3": {
      "s1_em": 0.55420589344762,
      "s2_em": 0.3829946398826137
    },
    "4": {
      "s1_em": 0.4951900204317468,
      "s2_em": 0.3690669542993926
    },
    "5": {
      "s1_em": 0.5005376558029115,
      "s2_em": 0.40245698006310265
    },
    "6": {
      "s1_em": 0.4758297506812133,
      "s2_em": 0.36657361775088376
    },
    "7": {
      "s1_em": 0.4390835298012783,
      "s2_em": 0.3375723537396378
    },
    "8": {
      "s1_em": 0.41134596680083496,
      "s2_em": 0.3354860760492607
    },
    "9": {
      "s1_em": 0.43792320678206764,
      "s2_em": 0.2807414386812433
    },
    "10": {
      "s1_em": 0.42758413208382784,
      "s2_em": 0.2847207510074117
    },
    "11": {
      "s1_em": 0.41877531406176116,
      "s2_em": 0.2936380363364616
    },
    "12": {
      "s1_em": 0.42105238605208184,
      "s2_em": 0.29419359189201716
    },
    "13": {
      "s1_em": 0.5056775027654339,
      "s2_em": 0.3377663349384445
    },
    "14": {
      "s1_em": 0.48169368103161214,
      "s2_em": 0.3528247598468694
    },
    "15": {
      "s1_em": 0.5532687726067037,
      "s2_em": 0.4298948453169549
    }
  }
}