{
  "model": "open-unlearning/unlearn_tofu_Llama-3.2-1B-Instruct_forget10_RMU_lr1e-05_layer5_scoeff10_epoch5",
  "metrics": {
    "rouge": 0.6789293330673984,
    "para_rouge": 0.33654217123243285,
    "jailbreak_rouge": 0.5130977863372438
  }
}