{
  "model": "open-unlearning/unlearn_tofu_Llama-3.2-1B-Instruct_forget10_SimNPO_lr5e-05_b4.5_a1_d1_g0.25_ep5",
  "num_examples": 400,
  "avg_em": 0.636894156858325,
  "avg_es": 0.08517019286898829,
  "avg_prob": 0.09058074187400052,
  "avg_paraprob": 0.04016770252666902,
  "avg_truth_ratio": 0.575039248681823,
  "avg_mem": 0.5523241085233659,
  "missing_paraphrase": false,
  "missing_wrong": false
}