{
  "model": "open-unlearning/unlearn_tofu_Llama-3.2-1B-Instruct_forget10_UNDIAL_lr1e-05_beta10_alpha2_epoch10",
  "metrics": {
    "rouge": 0.6515794905419726,
    "para_rouge": 0.31783863786595157,
    "jailbreak_rouge": 0.5113037231873173
  }
}