{
  "model": "open-unlearning/unlearn_tofu_Llama-3.2-1B-Instruct_forget10_SimNPO_lr2e-05_b4.5_a1_d1_g0.125_ep10",
  "metrics": {
    "rouge": 0.4152869136453317,
    "para_rouge": 0.27790728085462074,
    "jailbreak_rouge": 0.3938310369907807
  }
}