{
  "model": "open-unlearning/unlearn_tofu_Llama-3.2-1B-Instruct_forget10_SimNPO_lr1e-05_b4.5_a1_d1_g0.25_ep10",
  "num_examples": 400,
  "avg_em": 0.8409586662054062,
  "avg_es": 0.20040598484393077,
  "avg_prob": 0.44222957744263114,
  "avg_paraprob": 0.04355503841012251,
  "avg_truth_ratio": 0.6756270790979064,
  "avg_mem": 0.3428556294293618,
  "missing_paraphrase": false,
  "missing_wrong": false
}