{
  "model": "open-unlearning/unlearn_tofu_Llama-3.2-1B-Instruct_forget10_AltPO_lr5e-05_beta0.1_alpha2_epoch5",
  "num_examples": 400,
  "avg_em": 0.6300354375690221,
  "avg_es": 0.07136682389570596,
  "avg_prob": 0.14423247501108563,
  "avg_paraprob": 0.06092771573574282,
  "avg_truth_ratio": 0.5370269000340956,
  "avg_mem": 0.5710495159745137,
  "missing_paraphrase": false,
  "missing_wrong": false
}