{
  "model": "open-unlearning/unlearn_tofu_Llama-3.2-1B-Instruct_forget10_IdkNLL_lr5e-05_alpha2_epoch10",
  "attack": "all",
  "attacks": {
    "loss": {
      "auc": 0.9751375,
      "retain_auc": 0.38235312499999996,
      "full_auc": 0.99588125,
      "s_mia": 0.0338105934426397
    },
    "zlib": {
      "auc": 0.94865,
      "retain_auc": 0.304609375,
      "full_auc": 0.99625,
      "s_mia": 0.06882186829323411
    },
    "min_k": {
      "auc": 0.9765,
      "retain_auc": 0.37731562500000004,
      "full_auc": 0.996125,
      "s_mia": 0.03171412844222021
    },
    "min_k++": {
      "auc": 0.96515625,
      "retain_auc": 0.470575,
      "full_auc": 0.9974625,
      "s_mia": 0.06131527128656489
    }
  },
  "privacy_score": 0.04350302311754651,
  "reference_model": "open-unlearning/tofu_Llama-3.2-1B-Instruct_retain90",
  "full_model": "open-unlearning/tofu_Llama-3.2-1B-Instruct_full"
}