{
  "model": "open-unlearning/unlearn_tofu_Llama-3.2-1B-Instruct_forget10_NPO_lr5e-05_beta0.1_alpha5_epoch5",
  "metrics": {
    "rouge": 0.29543180724906526,
    "para_rouge": 0.22041428686251302,
    "jailbreak_rouge": 0.2827483940597961
  }
}