{
  "model": "open-unlearning/unlearn_tofu_Llama-3.2-1B-Instruct_forget10_NPO_lr5e-05_beta0.1_alpha1_epoch5",
  "attack": "all",
  "attacks": {
    "loss": {
      "auc": 0.10005624999999999,
      "retain_auc": 0.38283124999999996,
      "full_auc": 0.9958281250000001,
      "s_mia": 0.2613586273325388
    },
    "zlib": {
      "auc": 0.14195625,
      "retain_auc": 0.30548125000000004,
      "full_auc": 0.99625,
      "s_mia": 0.46469709679399307
    },
    "min_k": {
      "auc": 0.09514687499999999,
      "retain_auc": 0.37810625,
      "full_auc": 0.99600625,
      "s_mia": 0.25164057721870503
    },
    "min_k++": {
      "auc": 0.17739375000000002,
      "retain_auc": 0.47179375,
      "full_auc": 0.997425,
      "s_mia": 0.37599851630082004
    }
  },
  "privacy_score": 0.31716815618452154,
  "reference_model": "open-unlearning/tofu_Llama-3.2-1B-Instruct_retain90",
  "full_model": "open-unlearning/tofu_Llama-3.2-1B-Instruct_full"
}