{
  "model": "open-unlearning/unlearn_tofu_Llama-3.2-1B-Instruct_forget10_SimNPO_lr2e-05_b4.5_a1_d1_g0.125_ep10",
  "attack": "all",
  "attacks": {
    "loss": {
      "auc": 0.775671875,
      "retain_auc": 0.38235312499999996,
      "full_auc": 0.99588125,
      "s_mia": 0.35892303225707867
    },
    "zlib": {
      "auc": 0.6584187499999998,
      "retain_auc": 0.304609375,
      "full_auc": 0.99625,
      "s_mia": 0.48844911329492857
    },
    "min_k": {
      "auc": 0.755746875,
      "retain_auc": 0.37731562500000004,
      "full_auc": 0.996125,
      "s_mia": 0.38845262323312413
    },
    "min_k++": {
      "auc": 0.41286875,
      "retain_auc": 0.470575,
      "full_auc": 0.9974625,
      "s_mia": 0.890477094256364
    }
  },
  "privacy_score": 0.4688936624292972,
  "reference_model": "open-unlearning/tofu_Llama-3.2-1B-Instruct_retain90",
  "full_model": "open-unlearning/tofu_Llama-3.2-1B-Instruct_full"
}