{
  "model": "open-unlearning/unlearn_tofu_Llama-3.2-1B-Instruct_forget10_UNDIAL_lr1e-05_beta10_alpha2_epoch5",
  "num_examples": 400,
  "avg_em": 0.9396856167912483,
  "avg_es": 0.5056938461092899,
  "avg_prob": 0.7458826819062233,
  "avg_paraprob": 0.11773892123252154,
  "avg_truth_ratio": 0.6792014549765856,
  "avg_mem": 0.1750278691869642,
  "missing_paraphrase": false,
  "missing_wrong": false
}