{
  "model": "open-unlearning/unlearn_tofu_Llama-3.2-1B-Instruct_forget10_UNDIAL_lr0.0003_beta10_alpha5_epoch5",
  "metrics": {
    "rouge": 0.2919653619784223,
    "para_rouge": 0.21738115694179794,
    "jailbreak_rouge": 0.2631048688185426
  }
}