{
  "model": "open-unlearning/unlearn_tofu_Llama-3.2-1B-Instruct_forget10_AltPO_lr1e-05_beta0.1_alpha1_epoch5",
  "metrics": {
    "rouge": 0.4091037555845443,
    "para_rouge": 0.28228341735026063,
    "jailbreak_rouge": 0.3755659690771052
  }
}