{
  "model": "open-unlearning/unlearn_tofu_Llama-3.2-1B-Instruct_forget10_AltPO_lr2e-05_beta0.1_alpha2_epoch10",
  "metrics": {
    "rouge": 0.38264138653079455,
    "para_rouge": 0.2744340442440483,
    "jailbreak_rouge": 0.3312457862279595
  }
}