{
  "model": "open-unlearning/unlearn_tofu_Llama-3.2-1B-Instruct_forget10_UNDIAL_lr0.0003_beta10_alpha2_epoch10",
  "metrics": {
    "rouge": 0.3044416042219993,
    "para_rouge": 0.2455949694126329,
    "jailbreak_rouge": 0.29332408008361244
  }
}