{
  "model": "open-unlearning/unlearn_tofu_Llama-3.2-1B-Instruct_forget10_NPO_lr1e-05_beta0.1_alpha5_epoch5",
  "num_examples": 400,
  "avg_em": 0.7543938872218132,
  "avg_es": 0.1404543844282979,
  "avg_prob": 0.3904560550581664,
  "avg_paraprob": 0.11737980527337641,
  "avg_truth_ratio": 0.6101245085735972,
  "avg_mem": 0.4477840740474641,
  "missing_paraphrase": false,
  "missing_wrong": false
}