{
  "model": "open-unlearning/unlearn_tofu_Llama-3.2-1B-Instruct_forget10_UNDIAL_lr1e-05_beta10_alpha2_epoch10",
  "metrics": {
    "retain_Q_A_Prob": 0.848898988366127,
    "retain_Q_A_ROUGE": 0.8049306456976048,
    "retain_Truth_Ratio": 0.5180958986214337,
    "ra_Q_A_Prob": 0.43931550840141254,
    "ra_Q_A_ROUGE": 0.767,
    "ra_Truth_Ratio": 0.561174425225075,
    "wf_Q_A_Prob": 0.45432520953507993,
    "wf_Q_A_ROUGE": 0.8222222222222223,
    "wf_Truth_Ratio": 0.6259847421510423
  },
  "model_utility": 0.6111109609810638,
  "fluency": 0.8649855558713898,
  "utility": 0.7162162477169535,
  "fluency_model": "madhurjindal/autonlp-Gibberish-Detector-492513457"
}