{
  "model": "open-unlearning/unlearn_tofu_Llama-3.2-1B-Instruct_forget10_GradDiff_lr2e-05_alpha5_epoch5",
  "metrics": {
    "retain_Q_A_Prob": 0.8327771893888712,
    "retain_Q_A_ROUGE": 0.6970425243466418,
    "retain_Truth_Ratio": 0.5247024532246249,
    "ra_Q_A_Prob": 0.41916493190044674,
    "ra_Q_A_ROUGE": 0.782,
    "ra_Truth_Ratio": 0.5427712997919063,
    "wf_Q_A_Prob": 0.43364684189110586,
    "wf_Q_A_ROUGE": 0.8433048433048433,
    "wf_Truth_Ratio": 0.6246133330907548
  },
  "model_utility": 0.5944138527374498,
  "fluency": 0.6979772230394883,
  "utility": 0.6420461082511326,
  "fluency_model": "madhurjindal/autonlp-Gibberish-Detector-492513457"
}