{
  "model": "open-unlearning/unlearn_tofu_Llama-3.2-1B-Instruct_forget10_RMU_lr1e-05_layer15_scoeff10_epoch5",
  "attack": "all",
  "attacks": {
    "loss": {
      "auc": 0.9951375,
      "retain_auc": 0.38283124999999996,
      "full_auc": 0.9958281250000001,
      "s_mia": 0.0011266370648301827
    },
    "zlib": {
      "auc": 0.99538125,
      "retain_auc": 0.30548125000000004,
      "full_auc": 0.99625,
      "s_mia": 0.001257656777322369
    },
    "min_k": {
      "auc": 0.99530625,
      "retain_auc": 0.37810625,
      "full_auc": 0.99600625,
      "s_mia": 0.0011328693963424952
    },
    "min_k++": {
      "auc": 0.9960375,
      "retain_auc": 0.47179375,
      "full_auc": 0.997425,
      "s_mia": 0.0026396832380114477
    }
  },
  "privacy_score": 0.0013585690255224644,
  "reference_model": "open-unlearning/tofu_Llama-3.2-1B-Instruct_retain90",
  "full_model": "open-unlearning/tofu_Llama-3.2-1B-Instruct_full"
}