{
  "model": "open-unlearning/unlearn_tofu_Llama-3.2-1B-Instruct_forget10_AltPO_lr1e-05_beta0.1_alpha5_epoch10",
  "metrics": {
    "rouge": 0.4876132759616616,
    "para_rouge": 0.29000181588478596,
    "jailbreak_rouge": 0.4140315134813558
  }
}