{
  "model": "open-unlearning/unlearn_tofu_Llama-3.2-1B-Instruct_forget10_AltPO_lr1e-05_beta0.1_alpha5_epoch5",
  "attack": "all",
  "attacks": {
    "loss": {
      "auc": 0.98934375,
      "retain_auc": 0.38283124999999996,
      "full_auc": 0.9958281250000001,
      "s_mia": 0.010578153436752946
    },
    "zlib": {
      "auc": 0.9745250000000001,
      "retain_auc": 0.30548125000000004,
      "full_auc": 0.99625,
      "s_mia": 0.031450467323543396
    },
    "min_k": {
      "auc": 0.9905937499999999,
      "retain_auc": 0.37810625,
      "full_auc": 0.99600625,
      "s_mia": 0.008759508011005113
    },
    "min_k++": {
      "auc": 0.9955125,
      "retain_auc": 0.47179375,
      "full_auc": 0.997425,
      "s_mia": 0.0036384823010428002
    }
  },
  "privacy_score": 0.007761986150082223,
  "reference_model": "open-unlearning/tofu_Llama-3.2-1B-Instruct_retain90",
  "full_model": "open-unlearning/tofu_Llama-3.2-1B-Instruct_full"
}