{
  "model": "open-unlearning/unlearn_tofu_Llama-3.2-1B-Instruct_forget10_RMU_lr5e-05_layer15_scoeff10_epoch10",
  "metrics": {
    "rouge": 0.5101401574177321,
    "para_rouge": 0.28297798734511764,
    "jailbreak_rouge": 0.4493745320047507
  }
}