{
  "model": "open-unlearning/tofu_Llama-3.2-1B-Instruct_retain90",
  "num_examples": 400,
  "avg_em": 0.6004145487397909,
  "avg_es": 0.07872595383399368,
  "avg_prob": 0.1208206320204772,
  "avg_paraprob": 0.05504727799736429,
  "avg_truth_ratio": 0.566892348052078,
  "avg_mem": 0.5751096215510499,
  "missing_paraphrase": false,
  "missing_wrong": false
}