{
  "model": "open-unlearning/unlearn_tofu_Llama-3.2-1B-Instruct_forget10_IdkDPO_lr2e-05_beta0.1_alpha5_epoch10",
  "metrics": {
    "rouge": 0.29963701547993865,
    "para_rouge": 0.19176932750339035,
    "jailbreak_rouge": 0.31109130938565926
  }
}