{
  "model": "open-unlearning/unlearn_tofu_Llama-3.2-1B-Instruct_forget10_IdkNLL_lr2e-05_alpha5_epoch10",
  "metrics": {
    "rouge": 0.07473240409431009,
    "para_rouge": 0.044812019370003855,
    "jailbreak_rouge": 0.40241825208531223
  }
}