{
  "model": "open-unlearning/unlearn_tofu_Llama-3.2-1B-Instruct_forget10_IdkDPO_lr5e-05_beta0.1_alpha1_epoch5",
  "num_examples": 400,
  "avg_em": 0.6426510630548,
  "avg_es": 0.09324113845800415,
  "avg_prob": 0.14999079574947247,
  "avg_paraprob": 0.049650248469260985,
  "avg_truth_ratio": 0.5896240736156643,
  "avg_mem": 0.5412537814417264,
  "missing_paraphrase": false,
  "missing_wrong": false
}