{
  "model": "open-unlearning/unlearn_tofu_Llama-3.2-1B-Instruct_forget10_AltPO_lr5e-05_beta0.1_alpha2_epoch5",
  "attack": "all",
  "attacks": {
    "loss": {
      "auc": 0.46280625,
      "retain_auc": 0.38283124999999996,
      "full_auc": 0.9958281250000001,
      "s_mia": 0.8695344083116248
    },
    "zlib": {
      "auc": 0.3859125,
      "retain_auc": 0.30548125000000004,
      "full_auc": 0.99625,
      "s_mia": 0.8835626973571112
    },
    "min_k": {
      "auc": 0.458559375,
      "retain_auc": 0.37810625,
      "full_auc": 0.99600625,
      "s_mia": 0.8697958812105518
    },
    "min_k++": {
      "auc": 0.5139750000000001,
      "retain_auc": 0.47179375,
      "full_auc": 0.997425,
      "s_mia": 0.919751251471445
    }
  },
  "privacy_score": 0.8851970541969844,
  "reference_model": "open-unlearning/tofu_Llama-3.2-1B-Instruct_retain90",
  "full_model": "open-unlearning/tofu_Llama-3.2-1B-Instruct_full"
}