{
  "model": "open-unlearning/unlearn_tofu_Llama-3.2-1B-Instruct_forget10_RMU_lr2e-05_layer10_scoeff10_epoch5",
  "attack": "all",
  "attacks": {
    "loss": {
      "auc": 0.8870531250000001,
      "retain_auc": 0.38283124999999996,
      "full_auc": 0.9958281250000001,
      "s_mia": 0.17744788666336997
    },
    "zlib": {
      "auc": 0.85214375,
      "retain_auc": 0.30548125000000004,
      "full_auc": 0.99625,
      "s_mia": 0.20861721089727936
    },
    "min_k": {
      "auc": 0.9070374999999999,
      "retain_auc": 0.37810625,
      "full_auc": 0.99600625,
      "s_mia": 0.14398567729406064
    },
    "min_k++": {
      "auc": 0.8965624999999999,
      "retain_auc": 0.47179375,
      "full_auc": 0.997425,
      "s_mia": 0.19188832475238127
    }
  },
  "privacy_score": 0.17710536429367152,
  "reference_model": "open-unlearning/tofu_Llama-3.2-1B-Instruct_retain90",
  "full_model": "open-unlearning/tofu_Llama-3.2-1B-Instruct_full"
}