{
  "model": "open-unlearning/unlearn_tofu_Llama-3.2-1B-Instruct_forget10_IdkNLL_lr1e-05_alpha1_epoch10",
  "num_examples": 400,
  "avg_em": 0.9294589927792549,
  "avg_es": 0.5866931341544137,
  "avg_prob": 0.7886885034292936,
  "avg_paraprob": 0.09881989065790549,
  "avg_truth_ratio": 0.6819489282273021,
  "avg_mem": 0.19185143255286904,
  "missing_paraphrase": false,
  "missing_wrong": false
}