{
  "model": "open-unlearning/unlearn_tofu_Llama-3.2-1B-Instruct_forget10_RMU_lr5e-05_layer10_scoeff10_epoch10",
  "num_examples": 400,
  "avg_em": 0.04580376998521388,
  "avg_es": 0.032508929975135215,
  "avg_prob": 0.0022684978891982155,
  "avg_paraprob": 0.00028390436036261233,
  "avg_truth_ratio": 0.48794112690948316,
  "avg_mem": 0.7944723532651631,
  "missing_paraphrase": false,
  "missing_wrong": false
}