{
  "model": "open-unlearning/unlearn_tofu_Llama-3.2-1B-Instruct_forget10_IdkDPO_lr2e-05_beta0.1_alpha1_epoch5",
  "metrics": {
    "retain_Q_A_Prob": 0.8407945619523525,
    "retain_Q_A_ROUGE": 0.72136279572333,
    "retain_Truth_Ratio": 0.5246064974070838,
    "ra_Q_A_Prob": 0.3824757454552982,
    "ra_Q_A_ROUGE": 0.7865000000000001,
    "ra_Truth_Ratio": 0.4871488021816234,
    "wf_Q_A_Prob": 0.4228393512433994,
    "wf_Q_A_ROUGE": 0.8091168091168092,
    "wf_Truth_Ratio": 0.574919348223853
  },
  "model_utility": 0.5710361820875527,
  "fluency": 0.9136269594542682,
  "utility": 0.7028046109341773,
  "fluency_model": "madhurjindal/autonlp-Gibberish-Detector-492513457"
}