{
  "model": "open-unlearning/unlearn_tofu_Llama-3.2-1B-Instruct_forget10_NPO_lr2e-05_beta0.1_alpha5_epoch5",
  "attack": "all",
  "attacks": {
    "loss": {
      "auc": 0.6278062499999999,
      "retain_auc": 0.38283124999999996,
      "full_auc": 0.9958281250000001,
      "s_mia": 0.6003650100173841
    },
    "zlib": {
      "auc": 0.5151187500000001,
      "retain_auc": 0.30548125000000004,
      "full_auc": 0.99625,
      "s_mia": 0.6965156573744831
    },
    "min_k": {
      "auc": 0.613525,
      "retain_auc": 0.37810625,
      "full_auc": 0.99600625,
      "s_mia": 0.6190018611425797
    },
    "min_k++": {
      "auc": 0.556675,
      "retain_auc": 0.47179375,
      "full_auc": 0.997425,
      "s_mia": 0.8385155943448948
    }
  },
  "privacy_score": 0.6768809166886596,
  "reference_model": "open-unlearning/tofu_Llama-3.2-1B-Instruct_retain90",
  "full_model": "open-unlearning/tofu_Llama-3.2-1B-Instruct_full"
}