{
  "model": "open-unlearning/unlearn_tofu_Llama-3.2-1B-Instruct_forget10_IdkDPO_lr2e-05_beta0.1_alpha1_epoch5",
  "metrics": {
    "rouge": 0.17898661245256534,
    "para_rouge": 0.12354651574418651,
    "jailbreak_rouge": 0.19966310340089946
  }
}