{
  "model": "open-unlearning/tofu_Llama-3.2-1B-Instruct_retain90",
  "metrics": {
    "retain_Q_A_Prob": 0.8669655379652977,
    "retain_Q_A_ROUGE": 0.7915837238485629,
    "retain_Truth_Ratio": 0.5115173553380573,
    "ra_Q_A_Prob": 0.40675128694658824,
    "ra_Q_A_ROUGE": 0.847,
    "ra_Truth_Ratio": 0.5228499235405727,
    "wf_Q_A_Prob": 0.4231283552727529,
    "wf_Q_A_ROUGE": 0.7937321937321938,
    "wf_Truth_Ratio": 0.590356876466129
  },
  "model_utility": 0.5905297105697398,
  "fluency": 0.8994657691195607,
  "utility": 0.7129702976241235,
  "fluency_model": "madhurjindal/autonlp-Gibberish-Detector-492513457"
}