{
  "model": "open-unlearning/unlearn_tofu_Llama-3.2-1B-Instruct_forget10_SimNPO_lr2e-05_b4.5_a1_d1_g0.25_ep5",
  "num_examples": 400,
  "avg_em": 0.7570263338088989,
  "avg_es": 0.13555198186050457,
  "avg_prob": 0.1678460095846094,
  "avg_paraprob": 0.02925735036027618,
  "avg_truth_ratio": 0.6436228562803515,
  "avg_mem": 0.43914372875825064,
  "missing_paraphrase": false,
  "missing_wrong": false
}