{
  "model": "open-unlearning/unlearn_tofu_Llama-3.2-1B-Instruct_forget10_AltPO_lr2e-05_beta0.1_alpha5_epoch5",
  "attack": "all",
  "attacks": {
    "loss": {
      "auc": 0.9548062499999999,
      "retain_auc": 0.38283124999999996,
      "full_auc": 0.9958281250000001,
      "s_mia": 0.06692020248879771
    },
    "zlib": {
      "auc": 0.87875,
      "retain_auc": 0.30548125000000004,
      "full_auc": 0.99625,
      "s_mia": 0.17010034110547123
    },
    "min_k": {
      "auc": 0.9531437500000001,
      "retain_auc": 0.37810625,
      "full_auc": 0.99600625,
      "s_mia": 0.069368020715326
    },
    "min_k++": {
      "auc": 0.94095,
      "retain_auc": 0.47179375,
      "full_auc": 0.997425,
      "s_mia": 0.10744224206608732
    }
  },
  "privacy_score": 0.0897963418313729,
  "reference_model": "open-unlearning/tofu_Llama-3.2-1B-Instruct_retain90",
  "full_model": "open-unlearning/tofu_Llama-3.2-1B-Instruct_full"
}