{
  "model": "open-unlearning/unlearn_tofu_Llama-3.2-1B-Instruct_forget10_UNDIAL_lr1e-05_beta10_alpha5_epoch5",
  "metrics": {
    "retain_Q_A_Prob": 0.8631589950621128,
    "retain_Q_A_ROUGE": 0.8026334022012332,
    "retain_Truth_Ratio": 0.5167697540363649,
    "ra_Q_A_Prob": 0.4318472670183448,
    "ra_Q_A_ROUGE": 0.7995,
    "ra_Truth_Ratio": 0.5559636939958409,
    "wf_Q_A_Prob": 0.4432543915788427,
    "wf_Q_A_ROUGE": 0.8136752136752137,
    "wf_Truth_Ratio": 0.60900545146387
  },
  "model_utility": 0.6068092339545464,
  "fluency": 0.8671000856440514,
  "utility": 0.7139711130609353,
  "fluency_model": "madhurjindal/autonlp-Gibberish-Detector-492513457"
}