{
  "model": "open-unlearning/unlearn_tofu_Llama-3.2-1B-Instruct_forget10_RMU_lr1e-05_layer15_scoeff10_epoch10",
  "metrics": {
    "rouge": 0.757557450664113,
    "para_rouge": 0.35437977400240755,
    "jailbreak_rouge": 0.5986724759265409
  }
}