{
  "model": "open-unlearning/unlearn_tofu_Llama-3.2-1B-Instruct_forget10_NPO_lr1e-05_beta0.1_alpha2_epoch5",
  "attack": "all",
  "attacks": {
    "loss": {
      "auc": 0.8774250000000001,
      "retain_auc": 0.38283124999999996,
      "full_auc": 0.9958281250000001,
      "s_mia": 0.0
    },
    "zlib": {
      "auc": 0.72851875,
      "retain_auc": 0.30548125000000004,
      "full_auc": 0.99625,
      "s_mia": 0.0
    },
    "min_k": {
      "auc": 0.875753125,
      "retain_auc": 0.37810625,
      "full_auc": 0.99600625,
      "s_mia": 0.0
    },
    "min_k++": {
      "auc": 0.9090937499999999,
      "retain_auc": 0.47179375,
      "full_auc": 0.997425,
      "s_mia": 0.0731119265568908
    }
  },
  "privacy_score": 1.3333333333272543e-12,
  "reference_model": "open-unlearning/tofu_Llama-3.2-1B-Instruct_retain90",
  "full_model": "open-unlearning/tofu_Llama-3.2-1B-Instruct_full"
}