{
  "model": "open-unlearning/unlearn_tofu_Llama-3.2-1B-Instruct_forget10_GradDiff_lr5e-05_alpha1_epoch5",
  "attack": "all",
  "attacks": {
    "loss": {
      "auc": 8.124999999999993e-05,
      "retain_auc": 0.38283124999999996,
      "full_auc": 0.9958281250000001,
      "s_mia": 0.37560856244169283
    },
    "zlib": {
      "auc": 0.0023,
      "retain_auc": 0.30548125000000004,
      "full_auc": 0.99625,
      "s_mia": 0.5610958804954624
    },
    "min_k": {
      "auc": 5.624999999999991e-05,
      "retain_auc": 0.37810625,
      "full_auc": 0.99600625,
      "s_mia": 0.388169606732481
    },
    "min_k++": {
      "auc": 0.0024375,
      "retain_auc": 0.47179375,
      "full_auc": 0.997425,
      "s_mia": 0.10706174718493233
    }
  },
  "privacy_score": 0.24448128669392347,
  "reference_model": "open-unlearning/tofu_Llama-3.2-1B-Instruct_retain90",
  "full_model": "open-unlearning/tofu_Llama-3.2-1B-Instruct_full"
}