{
  "model": "open-unlearning/unlearn_tofu_Llama-3.2-1B-Instruct_forget10_UNDIAL_lr1e-05_beta10_alpha5_epoch5",
  "num_examples": 400,
  "avg_em": 0.9565936350822448,
  "avg_es": 0.5979807579580632,
  "avg_prob": 0.8084023331105709,
  "avg_paraprob": 0.11112433841219171,
  "avg_truth_ratio": 0.6806973693048858,
  "avg_mem": 0.13430759642090276,
  "missing_paraphrase": false,
  "missing_wrong": false
}