{
  "model": "open-unlearning/unlearn_tofu_Llama-3.2-1B-Instruct_forget10_IdkDPO_lr1e-05_beta0.1_alpha2_epoch10",
  "attack": "all",
  "attacks": {
    "loss": {
      "auc": 0.9796874999999998,
      "retain_auc": 0.38235312499999996,
      "full_auc": 0.99588125,
      "s_mia": 0.0
    },
    "zlib": {
      "auc": 0.96499375,
      "retain_auc": 0.304609375,
      "full_auc": 0.99625,
      "s_mia": 0.0
    },
    "min_k": {
      "auc": 0.9806125,
      "retain_auc": 0.37731562500000004,
      "full_auc": 0.996125,
      "s_mia": 0.0
    },
    "min_k++": {
      "auc": 0.9285562500000001,
      "retain_auc": 0.470575,
      "full_auc": 0.9974625,
      "s_mia": 0.026762471444509273
    }
  },
  "privacy_score": 1.3333333333167263e-12,
  "reference_model": "open-unlearning/tofu_Llama-3.2-1B-Instruct_retain90",
  "full_model": "open-unlearning/tofu_Llama-3.2-1B-Instruct_full"
}