{
  "model": "open-unlearning/unlearn_tofu_Llama-3.2-1B-Instruct_forget10_IdkNLL_lr1e-05_alpha5_epoch10",
  "metrics": {
    "retain_Q_A_Prob": 0.8613737535476684,
    "retain_Q_A_ROUGE": 0.7023053713221722,
    "retain_Truth_Ratio": 0.5159755435348056,
    "ra_Q_A_Prob": 0.404886806930959,
    "ra_Q_A_ROUGE": 0.757,
    "ra_Truth_Ratio": 0.5242448328641871,
    "wf_Q_A_Prob": 0.4202973871344602,
    "wf_Q_A_ROUGE": 0.8347578347578348,
    "wf_Truth_Ratio": 0.5735768440483081
  },
  "model_utility": 0.5790799328421767,
  "fluency": 0.913366872780025,
  "utility": 0.7087856335757383,
  "fluency_model": "madhurjindal/autonlp-Gibberish-Detector-492513457"
}