{
  "model": "open-unlearning/unlearn_tofu_Llama-3.2-1B-Instruct_forget10_NPO_lr2e-05_beta0.1_alpha2_epoch10",
  "metrics": {
    "retain_Q_A_Prob": 0.8199399255216122,
    "retain_Q_A_ROUGE": 0.6772008608014726,
    "retain_Truth_Ratio": 0.5159751112609386,
    "ra_Q_A_Prob": 0.4224285991185572,
    "ra_Q_A_ROUGE": 0.772,
    "ra_Truth_Ratio": 0.5519450595493391,
    "wf_Q_A_Prob": 0.4098441962986315,
    "wf_Q_A_ROUGE": 0.8475783475783476,
    "wf_Truth_Ratio": 0.58916468354565
  },
  "model_utility": 0.5834372514877306,
  "fluency": 0.9262490595784039,
  "utility": 0.7159211838288165,
  "fluency_model": "madhurjindal/autonlp-Gibberish-Detector-492513457"
}