{
  "model": "open-unlearning/unlearn_tofu_Llama-3.2-1B-Instruct_forget10_AltPO_lr5e-05_beta0.1_alpha1_epoch5",
  "num_examples": 400,
  "avg_em": 0.6043835758417845,
  "avg_es": 0.06407077610443951,
  "avg_prob": 0.12549200311070308,
  "avg_paraprob": 0.05960711600899231,
  "avg_truth_ratio": 0.5312309402975806,
  "avg_mem": 0.5888596837806762,
  "missing_paraphrase": false,
  "missing_wrong": false
}