{
  "model": "open-unlearning/unlearn_tofu_Llama-3.2-1B-Instruct_forget10_IdkDPO_lr2e-05_beta0.1_alpha5_epoch10",
  "attack": "all",
  "attacks": {
    "loss": {
      "auc": 0.9579781249999999,
      "retain_auc": 0.38235312499999996,
      "full_auc": 0.99588125,
      "s_mia": 0.06177895267637512
    },
    "zlib": {
      "auc": 0.9167875,
      "retain_auc": 0.304609375,
      "full_auc": 0.99625,
      "s_mia": 0.11488986784140964
    },
    "min_k": {
      "auc": 0.95779375,
      "retain_auc": 0.37731562500000004,
      "full_auc": 0.996125,
      "s_mia": 0.06194355087138115
    },
    "min_k++": {
      "auc": 0.8557062500000001,
      "retain_auc": 0.470575,
      "full_auc": 0.9974625,
      "s_mia": 0.269044625275794
    }
  },
  "privacy_score": 0.08938284550114767,
  "reference_model": "open-unlearning/tofu_Llama-3.2-1B-Instruct_retain90",
  "full_model": "open-unlearning/tofu_Llama-3.2-1B-Instruct_full"
}