{
  "model": "open-unlearning/unlearn_tofu_Llama-3.2-1B-Instruct_forget10_NPO_lr1e-05_beta0.1_alpha5_epoch5",
  "metrics": {
    "rouge": 0.3375756820683599,
    "para_rouge": 0.22708797180912627,
    "jailbreak_rouge": 0.30192350855209205
  }
}