{
  "model": "open-unlearning/unlearn_tofu_Llama-3.2-1B-Instruct_forget10_NPO_lr2e-05_beta0.1_alpha5_epoch10",
  "attack": "all",
  "attacks": {
    "loss": {
      "auc": 0.61283125,
      "retain_auc": 0.38235312499999996,
      "full_auc": 0.99588125,
      "s_mia": 0.39721134749454423
    },
    "zlib": {
      "auc": 0.5009656250000001,
      "retain_auc": 0.304609375,
      "full_auc": 0.99625,
      "s_mia": 0.35538343164914066
    },
    "min_k": {
      "auc": 0.5989343749999999,
      "retain_auc": 0.37731562500000004,
      "full_auc": 0.996125,
      "s_mia": 0.412643592483084
    },
    "min_k++": {
      "auc": 0.5486125,
      "retain_auc": 0.470575,
      "full_auc": 0.9974625,
      "s_mia": 0.8341656484088616
    }
  },
  "privacy_score": 0.4467469224496047,
  "reference_model": "open-unlearning/tofu_Llama-3.2-1B-Instruct_retain90",
  "full_model": "open-unlearning/tofu_Llama-3.2-1B-Instruct_full"
}