{
  "model": "open-unlearning/unlearn_tofu_Llama-3.2-1B-Instruct_forget10_IdkNLL_lr5e-05_alpha2_epoch5",
  "metrics": {
    "rouge": 0.010967269405419993,
    "para_rouge": 0.008145286763460548,
    "jailbreak_rouge": 0.20318565248376558
  }
}