{
  "model": "open-unlearning/unlearn_tofu_Llama-3.2-1B-Instruct_forget10_SimNPO_lr2e-05_b3.5_a1_d1_g0.125_ep10",
  "metrics": {
    "rouge": 0.40590527582495894,
    "para_rouge": 0.27810900739867805,
    "jailbreak_rouge": 0.38834326936430685
  }
}