{
  "model": "open-unlearning/unlearn_tofu_Llama-3.2-1B-Instruct_forget10_NPO_lr1e-05_beta0.1_alpha1_epoch10",
  "attack": "all",
  "attacks": {
    "loss": {
      "auc": 0.7128625,
      "retain_auc": 0.38235312499999996,
      "full_auc": 0.99588125,
      "s_mia": 0.4612971084251436
    },
    "zlib": {
      "auc": 0.5996687500000001,
      "retain_auc": 0.304609375,
      "full_auc": 0.99625,
      "s_mia": 0.5733920704845814
    },
    "min_k": {
      "auc": 0.697840625,
      "retain_auc": 0.37731562500000004,
      "full_auc": 0.996125,
      "s_mia": 0.48202950221948404
    },
    "min_k++": {
      "auc": 0.77059375,
      "retain_auc": 0.470575,
      "full_auc": 0.9974625,
      "s_mia": 0.4305829043201822
    }
  },
  "privacy_score": 0.48141714211218384,
  "reference_model": "open-unlearning/tofu_Llama-3.2-1B-Instruct_retain90",
  "full_model": "open-unlearning/tofu_Llama-3.2-1B-Instruct_full"
}