{
  "model": "open-unlearning/unlearn_tofu_Llama-3.2-1B-Instruct_forget10_SimNPO_lr1e-05_b3.5_a1_d1_g0.125_ep10",
  "metrics": {
    "retain_Q_A_Prob": 0.8734931334108115,
    "retain_Q_A_ROUGE": 0.7806119301064203,
    "retain_Truth_Ratio": 0.5268109256662251,
    "ra_Q_A_Prob": 0.42373674711021564,
    "ra_Q_A_ROUGE": 0.7795000000000001,
    "ra_Truth_Ratio": 0.5525557820587751,
    "wf_Q_A_Prob": 0.4171189003142566,
    "wf_Q_A_ROUGE": 0.811965811965812,
    "wf_Truth_Ratio": 0.6018323777180493
  },
  "model_utility": 0.5973216174122972,
  "fluency": 0.8848513629473745,
  "utility": 0.7131972506444044,
  "fluency_model": "madhurjindal/autonlp-Gibberish-Detector-492513457"
}