{
  "cka": {
    "auc_roc": 0.6483333333333333,
    "n_P": 30,
    "n_N": 30,
    "P_mean": 0.037288769014213755,
    "P_std": 0.10567194477023516,
    "N_mean": 0.1090645863245147,
    "N_std": 0.165147061902993
  },
  "fisher": {
    "auc_roc": 0.6066666666666667,
    "n_P": 5,
    "n_N": 30,
    "P_mean": 0.5973990222855419,
    "P_std": 0.37631290638215925,
    "N_mean": 0.7544289973688038,
    "N_std": 0.3490166398334593
  },
  "fisher_top0.01": {
    "auc_roc": 0.6133333333333333,
    "n_P": 5,
    "n_N": 30,
    "P_mean": 0.5902413853033414,
    "P_std": 0.378187235543987,
    "N_mean": 0.7576559316263681,
    "N_std": 0.3436158915095348
  },
  "fisher_top0.03": {
    "auc_roc": 0.6133333333333333,
    "n_P": 5,
    "n_N": 30,
    "P_mean": 0.5900388000031033,
    "P_std": 0.37833654643671705,
    "N_mean": 0.7560756870097343,
    "N_std": 0.3458524262060012
  },
  "fisher_top0.05": {
    "auc_roc": 0.6133333333333333,
    "n_P": 5,
    "n_N": 30,
    "P_mean": 0.5910917473517544,
    "P_std": 0.37818448995661713,
    "N_mean": 0.7554140121095774,
    "N_std": 0.34661303344648847
  },
  "logit_lens": {
    "auc_roc": 0.9266666666666667,
    "n_P": 30,
    "n_N": 30,
    "P_mean": 0.47508308626072976,
    "P_std": 0.23993665500151812,
    "N_mean": 0.7942668308917492,
    "N_std": 0.06951366240493283
  },
  "fisher_masked_0.0001": {
    "auc_roc": 0.7077777777777777,
    "n_P": 30,
    "n_N": 30,
    "P_mean": 0.515821596972769,
    "P_std": 0.4040267429568238,
    "N_mean": 0.7558005160106848,
    "N_std": 0.34663987740919416
  },
  "fisher_masked_0.001": {
    "auc_roc": 0.7122222222222222,
    "n_P": 30,
    "n_N": 30,
    "P_mean": 0.5127201667775485,
    "P_std": 0.4029276572819598,
    "N_mean": 0.7533021183167885,
    "N_std": 0.34619198437467824
  },
  "fisher_masked_0.01": {
    "auc_roc": 0.6977777777777778,
    "n_P": 30,
    "n_N": 30,
    "P_mean": 0.51146373014832,
    "P_std": 0.40169200113757136,
    "N_mean": 0.7526394555093777,
    "N_std": 0.34523937638784236
  },
  "fisher_masked_0.05": {
    "auc_roc": 0.6922222222222223,
    "n_P": 30,
    "n_N": 30,
    "P_mean": 0.5106183288771242,
    "P_std": 0.40148006253264135,
    "N_mean": 0.7522375382091223,
    "N_std": 0.3455948411438454
  }
}