{
  "em": {
    "auc_roc": 0.8166666666666667,
    "raw_auc": 0.8166666666666667,
    "p_count": 30,
    "n_count": 30,
    "p_mean": 0.7417487521755197,
    "n_mean": 0.6203837477813163
  },
  "es": {
    "auc_roc": 0.8911111111111111,
    "raw_auc": 0.8911111111111111,
    "p_count": 30,
    "n_count": 30,
    "p_mean": 0.28657741374018275,
    "n_mean": 0.0666913297480359
  },
  "prob": {
    "auc_roc": 0.8155555555555556,
    "raw_auc": 0.8155555555555556,
    "p_count": 30,
    "n_count": 30,
    "p_mean": 0.3927894812502393,
    "n_mean": 0.14186740727237582
  },
  "paraprob": {
    "auc_roc": 0.7066666666666667,
    "raw_auc": 0.7066666666666667,
    "p_count": 30,
    "n_count": 30,
    "p_mean": 0.08116603653657754,
    "n_mean": 0.05541387748752701
  },
  "truth_ratio": {
    "auc_roc": 0.9466666666666668,
    "raw_auc": 0.9466666666666668,
    "p_count": 30,
    "n_count": 30,
    "p_mean": 0.6497531087573608,
    "n_mean": 0.5682321139532945
  },
  "rouge": {
    "auc_roc": 0.7222222222222222,
    "raw_auc": 0.7222222222222222,
    "p_count": 30,
    "n_count": 30,
    "p_mean": 0.5483539705083722,
    "n_mean": 0.4313297341450692
  },
  "para_rouge": {
    "auc_roc": 0.8322222222222223,
    "raw_auc": 0.8322222222222223,
    "p_count": 30,
    "n_count": 30,
    "p_mean": 0.33947340396361353,
    "n_mean": 0.28608869821320315
  },
  "jailbreak_rouge": {
    "auc_roc": 0.7566666666666666,
    "raw_auc": 0.7566666666666666,
    "p_count": 30,
    "n_count": 30,
    "p_mean": 0.49033252785613357,
    "n_mean": 0.3972043767031155
  },
  "mia_loss": {
    "auc_roc": 0.9022222222222223,
    "raw_auc": 0.9022222222222223,
    "p_count": 30,
    "n_count": 30,
    "p_mean": 0.7141158333333332,
    "n_mean": 0.44809760416666666
  },
  "mia_zlib": {
    "auc_roc": 0.8666666666666667,
    "raw_auc": 0.8666666666666667,
    "p_count": 30,
    "n_count": 30,
    "p_mean": 0.6580095833333333,
    "n_mean": 0.37439333333333347
  },
  "mia_min_k": {
    "auc_roc": 0.9066666666666667,
    "raw_auc": 0.9066666666666667,
    "p_count": 30,
    "n_count": 30,
    "p_mean": 0.7160054166666667,
    "n_mean": 0.44183052083333335
  },
  "mia_min_kpp": {
    "auc_roc": 0.8155555555555556,
    "raw_auc": 0.8155555555555556,
    "p_count": 30,
    "n_count": 30,
    "p_mean": 0.6846481250000002,
    "n_mean": 0.5019804166666666
  },
  "uds": {
    "auc_roc": 0.9711111111111111,
    "raw_auc": 0.028888888888888888,
    "p_count": 30,
    "n_count": 30,
    "p_mean": 0.48565627518280874,
    "n_mean": 0.8520439402035922
  },
  "s_mia_loss": {
    "auc_roc": 0.8911111111111112,
    "raw_auc": 0.10888888888888881,
    "p_count": 30,
    "n_count": 30,
    "p_mean": 0.46014071617879515,
    "n_mean": 0.8817459468545145
  },
  "s_mia_min_k": {
    "auc_roc": 0.8911111111111112,
    "raw_auc": 0.10888888888888881,
    "p_count": 30,
    "n_count": 30,
    "p_mean": 0.45348409327724454,
    "n_mean": 0.8840793055211873
  },
  "s_mia_zlib": {
    "auc_roc": 0.87,
    "raw_auc": 0.13,
    "p_count": 30,
    "n_count": 30,
    "p_mean": 0.4890391957528522,
    "n_mean": 0.8858896795813095
  },
  "s_mia_min_kpp": {
    "auc_roc": 0.7988888888888889,
    "raw_auc": 0.20111111111111113,
    "p_count": 30,
    "n_count": 30,
    "p_mean": 0.5776901299296971,
    "n_mean": 0.8803120526994218
  }
}