{
  "model": "open-unlearning/unlearn_tofu_Llama-3.2-1B-Instruct_forget10_UNDIAL_lr0.0003_beta10_alpha5_epoch10",
  "metrics": {
    "rouge": 0.32682344980165423,
    "para_rouge": 0.248049393945387,
    "jailbreak_rouge": 0.3082649783856863
  }
}