{
  "model": "open-unlearning/unlearn_tofu_Llama-3.2-1B-Instruct_forget10_UNDIAL_lr1e-05_beta10_alpha5_epoch10",
  "metrics": {
    "rouge": 0.7229264199763108,
    "para_rouge": 0.33846113437548325,
    "jailbreak_rouge": 0.5496860905953973
  }
}