{
  "model": "open-unlearning/unlearn_tofu_Llama-3.2-1B-Instruct_forget10_SimNPO_lr1e-05_b3.5_a1_d1_g0.25_ep5",
  "metrics": {
    "rouge": 0.5152277770068057,
    "para_rouge": 0.305443431059232,
    "jailbreak_rouge": 0.45170835228305783
  }
}