{
  "model": "open-unlearning/unlearn_tofu_Llama-3.2-1B-Instruct_forget10_RMU_lr2e-05_layer5_scoeff10_epoch10",
  "metrics": {
    "rouge": 0.2276206903692364,
    "para_rouge": 0.18072181867669443,
    "jailbreak_rouge": 0.1718747914887588
  }
}