{
  "model": "open-unlearning/unlearn_tofu_Llama-3.2-1B-Instruct_forget10_IdkNLL_lr5e-05_alpha1_epoch5",
  "metrics": {
    "retain_Q_A_Prob": 0.697259366363287,
    "retain_Q_A_ROUGE": 0.4869796095711745,
    "retain_Truth_Ratio": 0.4767909665757454,
    "ra_Q_A_Prob": 0.38254416058937335,
    "ra_Q_A_ROUGE": 0.3203333333333333,
    "ra_Truth_Ratio": 0.4847996031164843,
    "wf_Q_A_Prob": 0.4010611991554738,
    "wf_Q_A_ROUGE": 0.5971509971509972,
    "wf_Truth_Ratio": 0.5382298649252745
  },
  "model_utility": 0.46369058464069746,
  "fluency": 0.9094139803946019,
  "utility": 0.6142091592849886,
  "fluency_model": "madhurjindal/autonlp-Gibberish-Detector-492513457"
}