{
  "s1": {
    "mean": [
      0.007886278531856692,
      0.01656941302140987,
      0.033910611020121974,
      0.06015298412021564,
      0.09501442142663274,
      0.1457004599090493,
      0.21645577661997617,
      0.31833613341121,
      0.5036729609933795,
      0.9986936065091749,
      1.2912540695647778,
      1.6622600919219388,
      1.9087173919261964,
      2.3564509254060586,
      2.6215062778067524,
      2.960535033847071
    ],
    "std": [
      0.02026624675536078,
      0.03229313188895669,
      0.05569192399364287,
      0.08894777077456853,
      0.13447376460032034,
      0.20609063633031888,
      0.27327085649344623,
      0.35491440413219794,
      0.4973601991058924,
      0.8160435781705271,
      0.9915807552817787,
      1.238252160640562,
      1.3677290475064734,
      1.7105456597852324,
      1.8773362105235962,
      2.132045659650666
    ]
  },
  "5": {
    "s2_mean": [
      0.0,
      0.0,
      0.0,
      0.010391108547221261,
      0.28372243104548994,
      2.891195774518662,
      3.14306426466557,
      3.5102873544173447,
      3.473746668709062,
      3.7483574470104384,
      4.045868779373521,
      4.08259557158663,
      4.1448682114027875,
      4.291387499864742,
      4.408459058428735,
      4.420500426851591
    ],
    "s2_std": [
      0.0,
      0.0,
      0.0,
      0.05951811381395892,
      0.6596196563249771,
      4.109110937938639,
      4.364546124574008,
      4.735488221059149,
      4.606971454045503,
      4.804652418096897,
      5.14809717621413,
      5.040624081233729,
      5.1074376922453375,
      5.238999391279021,
      5.368587860019389,
      5.346018572102262
    ],
    "model_level_mean": [
      0.0,
      0.0,
      0.0,
      0.010391108547221263,
      0.28372243104548994,
      2.891195774518662,
      3.1430642646655698,
      3.5102873544173447,
      3.4737466687090617,
      3.7483574470104384,
      4.045868779373521,
      4.08259557158663,
      4.1448682114027875,
      4.291387499864743,
      4.408459058428735,
      4.420500426851592
    ],
    "model_level_std": [
      0.0,
      0.0,
      0.0,
      0.009527012283999506,
      0.32730195655591815,
      3.641182620331354,
      3.9543014975225765,
      4.356970691167589,
      4.224634777318601,
      4.414151985187956,
      4.734104243298951,
      4.705150296682805,
      4.754570645964041,
      4.903960978647349,
      5.028368611029093,
      5.011642303551699
    ],
    "n_total_samples": 2166,
    "n_models": 6,
    "per_model": [
      {
        "name": "rmu_lr1e5_l5_s10_ep5",
        "s2_mean": [
          0.0,
          0.0,
          0.0,
          0.001313185757877424,
          0.006894352033197715,
          0.01764440140235457,
          0.017438555688408932,
          0.02077503151510561,
          0.026007654924471952,
          0.0335864122554536,
          0.036674267037093145,
          0.03747769934318733,
          0.03832179357470568,
          0.040981472364092796,
          0.040014208849117036,
          0.04215720221606648
        ],
        "avg_uds": 0.04919496229415405,
        "n_valid": 361
      },
      {
        "name": "rmu_lr2e5_l5_s10_ep5",
        "s2_mean": [
          0.0,
          0.0,
          0.0,
          0.007131560687543282,
          0.0901903485327216,
          0.562097438484678,
          0.6227056867858379,
          0.7665148283305921,
          0.8735777625086565,
          1.1400277515527615,
          1.2632764990640148,
          1.365065302545014,
          1.4164412649054277,
          1.4870982500324619,
          1.5416236095481302,
          1.579943036108466
        ],
        "avg_uds": 0.592148161277611,
        "n_valid": 361
      },
      {
        "name": "rmu_lr5e5_l5_s10_ep5",
        "s2_mean": [
          0.0,
          0.0,
          0.0,
          0.024847141593447024,
          0.7581550407938019,
          7.713267487502164,
          8.393149758970308,
          9.532492513471693,
          9.330614591899671,
          9.613211761221,
          10.357506580299948,
          10.485219855057565,
          10.530512336878896,
          10.963018612848424,
          11.243808735770862,
          11.201267400937066
        ],
        "avg_uds": 0.9754729128171292,
        "n_valid": 361
      },
      {
        "name": "rmu_lr1e5_l5_s10_ep10",
        "s2_mean": [
          0.0,
          0.0,
          0.0,
          -0.0006673289798303324,
          0.010818946394563713,
          0.024499190481085526,
          0.024861850897030816,
          0.030828417833492036,
          0.03532447709271122,
          0.04725718828449619,
          0.04871070418001212,
          0.05276142659279778,
          0.05300818784085007,
          0.05642201431570291,
          0.057201015652051594,
          0.05510603886231821
        ],
        "avg_uds": 0.05572787501888214,
        "n_valid": 361
      },
      {
        "name": "rmu_lr2e5_l5_s10_ep10",
        "s2_mean": [
          0.0,
          0.0,
          0.0,
          0.008523703281899239,
          0.10751494938646987,
          0.6987783162547611,
          0.7627110362383137,
          0.9390789676571156,
          1.0620546631535666,
          1.3805159043076956,
          1.5507704293628808,
          1.6832836711175554,
          1.751953125,
          1.8436010471671571,
          1.9125782129176765,
          1.9803492157743248
        ],
        "avg_uds": 0.6671484867296095,
        "n_valid": 361
      },
      {
        "name": "rmu_lr5e5_l5_s10_ep10",
        "s2_mean": [
          0.0,
          0.0,
          0.0,
          0.021198388942390928,
          0.7287609491321849,
          8.330887812986928,
          9.037518699413521,
          9.77203436769607,
          9.514900862675294,
          10.275545664441223,
          11.018274196297178,
          10.87176547486366,
          11.078972560216846,
          11.357203602460613,
          11.655528567834574,
          11.664179667211306
        ],
        "avg_uds": 0.9769004861231771,
        "n_valid": 361
      }
    ]
  },
  "10": {
    "s2_mean": [
      0.0,
      0.0,
      0.0,
      0.0,
      0.0,
      0.0,
      0.0,
      0.0,
      0.04108610003498673,
      0.7330424977141404,
      2.844225262670966,
      3.1243440552321387,
      3.298964679186144,
      3.362237030339263,
      3.432471447043802,
      3.432079593450629
    ],
    "s2_std": [
      0.0,
      0.0,
      0.0,
      0.0,
      0.0,
      0.0,
      0.0,
      0.0,
      0.1382581428433369,
      1.1869884510431197,
      3.73233357261156,
      4.007459629196677,
      4.169809103450154,
      4.22704914308716,
      4.285495974517303,
      4.258041913055559
    ],
    "model_level_mean": [
      0.0,
      0.0,
      0.0,
      0.0,
      0.0,
      0.0,
      0.0,
      0.0,
      0.04108610003498672,
      0.7330424977141404,
      2.844225262670966,
      3.124344055232139,
      3.298964679186144,
      3.3622370303392635,
      3.432471447043802,
      3.4320795934506294
    ],
    "model_level_std": [
      0.0,
      0.0,
      0.0,
      0.0,
      0.0,
      0.0,
      0.0,
      0.0,
      0.03889198907018809,
      0.7650017935749673,
      3.1909892702457894,
      3.4515976139632163,
      3.6437190981212844,
      3.704774606107315,
      3.7686829262122123,
      3.7582390590941337
    ],
    "n_total_samples": 2166,
    "n_models": 6,
    "per_model": [
      {
        "name": "rmu_lr1e5_l10_s10_ep5",
        "s2_mean": [
          0.0,
          0.0,
          0.0,
          0.0,
          0.0,
          0.0,
          0.0,
          0.0,
          -0.001273622803410665,
          0.01432322663283414,
          0.0239709235954813,
          0.025780844226108032,
          0.027794159020083104,
          0.029421312326869807,
          0.031571237664473686,
          0.031816730869113574
        ],
        "avg_uds": 0.04717831315349257,