{
  "model": "open-unlearning/unlearn_tofu_Llama-3.2-1B-Instruct_forget10_RMU_lr2e-05_layer5_scoeff10_epoch10",
  "attack": "all",
  "attacks": {
    "loss": {
      "auc": 0.498421875,
      "retain_auc": 0.38235312499999996,
      "full_auc": 0.99588125,
      "s_mia": 0.6964357228674407
    },
    "zlib": {
      "auc": 0.392740625,
      "retain_auc": 0.304609375,
      "full_auc": 0.99625,
      "s_mia": 0.7106745319312644
    },
    "min_k": {
      "auc": 0.5284625000000001,
      "retain_auc": 0.37731562500000004,
      "full_auc": 0.996125,
      "s_mia": 0.5994152773291591
    },
    "min_k++": {
      "auc": 0.5202125,
      "retain_auc": 0.470575,
      "full_auc": 0.9974625,
      "s_mia": 0.8945173458003508
    }
  },
  "privacy_score": 0.7105792363905415,
  "reference_model": "open-unlearning/tofu_Llama-3.2-1B-Instruct_retain90",
  "full_model": "open-unlearning/tofu_Llama-3.2-1B-Instruct_full"
}