{
  "model": "open-unlearning/unlearn_tofu_Llama-3.2-1B-Instruct_forget10_RMU_lr2e-05_layer5_scoeff10_epoch10",
  "attack": "all",
  "attacks": {
    "loss": {
      "auc": 0.498421875,
      "retain_auc": 0.38235312499999996,
      "full_auc": 0.99588125,
      "s_mia": 0.8108175562448746
    },
    "zlib": {
      "auc": 0.392740625,
      "retain_auc": 0.304609375,
      "full_auc": 0.99625,
      "s_mia": 0.8725765277307127
    },
    "min_k": {
      "auc": 0.5284625000000001,
      "retain_auc": 0.37731562500000004,
      "full_auc": 0.996125,
      "s_mia": 0.7557456607699261
    },
    "min_k++": {
      "auc": 0.5202125,
      "retain_auc": 0.470575,
      "full_auc": 0.9974625,
      "s_mia": 0.905791084434533
    }
  },
  "privacy_score": 0.8321963148110698,
  "reference_model": "open-unlearning/tofu_Llama-3.2-1B-Instruct_retain90",
  "full_model": "open-unlearning/tofu_Llama-3.2-1B-Instruct_full"
}