{
  "model": "open-unlearning/unlearn_tofu_Llama-3.2-1B-Instruct_forget10_SimNPO_lr5e-05_b3.5_a1_d1_g0.25_ep5",
  "num_examples": 400,
  "avg_em": 0.6249046220630408,
  "avg_es": 0.08123824748123201,
  "avg_prob": 0.07200208146517979,
  "avg_paraprob": 0.03439077845192515,
  "avg_truth_ratio": 0.5681664408070403,
  "avg_mem": 0.5629257639762837,
  "missing_paraphrase": false,
  "missing_wrong": false
}