{
  "model": "open-unlearning/unlearn_tofu_Llama-3.2-1B-Instruct_forget10_SimNPO_lr1e-05_b4.5_a1_d1_g0.125_ep5",
  "num_examples": 400,
  "avg_em": 0.9150096024572849,
  "avg_es": 0.4072956560762836,
  "avg_prob": 0.7165784853696823,
  "avg_paraprob": 0.06782776023261249,
  "avg_truth_ratio": 0.6836753861156788,
  "avg_mem": 0.22615110106785674,
  "missing_paraphrase": false,
  "missing_wrong": false
}