{
  "model": "open-unlearning/unlearn_tofu_Llama-3.2-1B-Instruct_forget10_SimNPO_lr5e-05_b3.5_a1_d1_g0.125_ep5",
  "num_examples": 400,
  "avg_em": 0.6560143779218197,
  "avg_es": 0.08997996531099987,
  "avg_prob": 0.126357764150016,
  "avg_paraprob": 0.04720573645725381,
  "avg_truth_ratio": 0.5956283483136424,
  "avg_mem": 0.5313148864009299,
  "missing_paraphrase": false,
  "missing_wrong": false
}