{
  "model": "open-unlearning/unlearn_tofu_Llama-3.2-1B-Instruct_forget10_RMU_lr1e-05_layer10_scoeff10_epoch5",
  "attack": "all",
  "attacks": {
    "loss": {
      "auc": 0.9956812500000001,
      "retain_auc": 0.38283124999999996,
      "full_auc": 0.9958281250000001,
      "s_mia": 0.0002396015477240665
    },
    "zlib": {
      "auc": 0.9967687500000001,
      "retain_auc": 0.30548125000000004,
      "full_auc": 0.99625,
      "s_mia": 0.0
    },
    "min_k": {
      "auc": 0.9959125,
      "retain_auc": 0.37810625,
      "full_auc": 0.99600625,
      "s_mia": 0.00015172357986725782
    },
    "min_k++": {
      "auc": 0.9973937500000001,
      "retain_auc": 0.47179375,
      "full_auc": 0.997425,
      "s_mia": 5.945232518034249e-05
    }
  },
  "privacy_score": 3.999999889661088e-12,
  "reference_model": "open-unlearning/tofu_Llama-3.2-1B-Instruct_retain90",
  "full_model": "open-unlearning/tofu_Llama-3.2-1B-Instruct_full"
}