{
  "model": "open-unlearning/unlearn_tofu_Llama-3.2-1B-Instruct_forget10_IdkDPO_lr5e-05_beta0.1_alpha5_epoch5",
  "metrics": {
    "rouge": 0.3119100342657703,
    "para_rouge": 0.2264017181996629,
    "jailbreak_rouge": 0.2845321557132936
  }
}