{
  "model": "open-unlearning/unlearn_tofu_Llama-3.2-1B-Instruct_forget10_IdkDPO_lr2e-05_beta0.1_alpha5_epoch5",
  "attack": "all",
  "attacks": {
    "loss": {
      "auc": 0.96564375,
      "retain_auc": 0.38283124999999996,
      "full_auc": 0.9958281250000001,
      "s_mia": 0.04924066700992569
    },
    "zlib": {
      "auc": 0.9352562499999999,
      "retain_auc": 0.30548125000000004,
      "full_auc": 0.99625,
      "s_mia": 0.08829836323661144
    },
    "min_k": {
      "auc": 0.9657,
      "retain_auc": 0.37810625,
      "full_auc": 0.99600625,
      "s_mia": 0.04904717591843333
    },
    "min_k++": {
      "auc": 0.87915625,
      "retain_auc": 0.47179375,
      "full_auc": 0.997425,
      "s_mia": 0.225003269877885
    }
  },
  "privacy_score": 0.07083837538847261,
  "reference_model": "open-unlearning/tofu_Llama-3.2-1B-Instruct_retain90",
  "full_model": "open-unlearning/tofu_Llama-3.2-1B-Instruct_full"
}