{
  "model": "open-unlearning/unlearn_tofu_Llama-3.2-1B-Instruct_forget10_IdkNLL_lr2e-05_alpha5_epoch5",
  "metrics": {
    "rouge": 0.10591901169372467,
    "para_rouge": 0.05605970317250062,
    "jailbreak_rouge": 0.3673454395615562
  }
}