{
  "model": "open-unlearning/unlearn_tofu_Llama-3.2-1B-Instruct_forget10_IdkDPO_lr5e-05_beta0.1_alpha2_epoch10",
  "attack": "all",
  "attacks": {
    "loss": {
      "auc": 0.6213968749999998,
      "retain_auc": 0.38235312499999996,
      "full_auc": 0.99588125,
      "s_mia": 0.6103784973182772
    },
    "zlib": {
      "auc": 0.51343125,
      "retain_auc": 0.304609375,
      "full_auc": 0.99625,
      "s_mia": 0.6980774878572236
    },
    "min_k": {
      "auc": 0.60998125,
      "retain_auc": 0.37731562500000004,
      "full_auc": 0.996125,
      "s_mia": 0.6240108272438504
    },
    "min_k++": {
      "auc": 0.5747875,
      "retain_auc": 0.470575,
      "full_auc": 0.9974625,
      "s_mia": 0.8022110981945861
    }
  },
  "privacy_score": 0.6756843035997482,
  "reference_model": "open-unlearning/tofu_Llama-3.2-1B-Instruct_retain90",
  "full_model": "open-unlearning/tofu_Llama-3.2-1B-Instruct_full"
}