{
  "model": "open-unlearning/unlearn_tofu_Llama-3.2-1B-Instruct_forget10_IdkDPO_lr1e-05_beta0.1_alpha5_epoch10",
  "metrics": {
    "retain_Q_A_Prob": 0.8648432915657759,
    "retain_Q_A_ROUGE": 0.7729601176876636,
    "retain_Truth_Ratio": 0.5161681978812186,
    "ra_Q_A_Prob": 0.4027343427287045,
    "ra_Q_A_ROUGE": 0.802,
    "ra_Truth_Ratio": 0.5217218360927,
    "wf_Q_A_Prob": 0.422190474980488,
    "wf_Q_A_ROUGE": 0.8193732193732194,
    "wf_Truth_Ratio": 0.5783728432526745
  },
  "model_utility": 0.5862416226883689,
  "fluency": 0.8894388144602999,
  "utility": 0.7066923715265904,
  "fluency_model": "madhurjindal/autonlp-Gibberish-Detector-492513457"
}