{
  "model": "open-unlearning/unlearn_tofu_Llama-3.2-1B-Instruct_forget10_SimNPO_lr5e-05_b4.5_a1_d1_g0.25_ep5",
  "attack": "all",
  "attacks": {
    "loss": {
      "auc": 0.3237,
      "retain_auc": 0.38283124999999996,
      "full_auc": 0.9958281250000001,
      "s_mia": 0.8455422591546538
    },
    "zlib": {
      "auc": 0.25943125,
      "retain_auc": 0.30548125000000004,
      "full_auc": 0.99625,
      "s_mia": 0.849254250465454
    },
    "min_k": {
      "auc": 0.29042812500000004,
      "retain_auc": 0.37810625,
      "full_auc": 0.99600625,
      "s_mia": 0.7681124683868623
    },
    "min_k++": {
      "auc": 0.24856874999999998,
      "retain_auc": 0.47179375,
      "full_auc": 0.997425,
      "s_mia": 0.5268589293520738
    }
  },
  "privacy_score": 0.7194101446954895,
  "reference_model": "open-unlearning/tofu_Llama-3.2-1B-Instruct_retain90",
  "full_model": "open-unlearning/tofu_Llama-3.2-1B-Instruct_full"
}