{
  "model": "open-unlearning/unlearn_tofu_Llama-3.2-1B-Instruct_forget10_IdkDPO_lr2e-05_beta0.1_alpha1_epoch10",
  "metrics": {
    "rouge": 0.21297412441634161,
    "para_rouge": 0.14502269584927668,
    "jailbreak_rouge": 0.22564489891635908
  }
}