{
  "model": "open-unlearning/unlearn_tofu_Llama-3.2-1B-Instruct_forget10_IdkNLL_lr5e-05_alpha1_epoch5",
  "num_examples": 400,
  "avg_em": 0.8232574282586574,
  "avg_es": 0.2422076388612336,
  "avg_prob": 0.5229311597719789,
  "avg_paraprob": 0.09505276965675875,
  "avg_truth_ratio": 0.652379964188991,
  "avg_mem": 0.36498647940720674,
  "missing_paraphrase": false,
  "missing_wrong": false
}