{
  "model": "open-unlearning/unlearn_tofu_Llama-3.2-1B-Instruct_forget10_UNDIAL_lr1e-05_beta10_alpha5_epoch10",
  "metrics": {
    "retain_Q_A_Prob": 0.866881456002593,
    "retain_Q_A_ROUGE": 0.821400633055017,
    "retain_Truth_Ratio": 0.5176846690747646,
    "ra_Q_A_Prob": 0.432828304200344,
    "ra_Q_A_ROUGE": 0.8045,
    "ra_Truth_Ratio": 0.5579851917495682,
    "wf_Q_A_Prob": 0.44249567354256003,
    "wf_Q_A_ROUGE": 0.8136752136752137,
    "wf_Truth_Ratio": 0.6083803020715015
  },
  "model_utility": 0.608896567499508,
  "fluency": 0.8637386755179614,
  "utility": 0.7142671849446937,
  "fluency_model": "madhurjindal/autonlp-Gibberish-Detector-492513457"
}