{
  "model": "open-unlearning/unlearn_tofu_Llama-3.2-1B-Instruct_forget10_RMU_lr2e-05_layer15_scoeff10_epoch5",
  "num_examples": 400,
  "avg_em": 0.9376728767156601,
  "avg_es": 0.4414919053935255,
  "avg_prob": 0.7981041479855776,
  "avg_paraprob": 0.0875002598343417,
  "avg_truth_ratio": 0.6774931188351104,
  "avg_mem": 0.18155852592929114,
  "missing_paraphrase": false,
  "missing_wrong": false
}