{
  "model": "open-unlearning/unlearn_tofu_Llama-3.2-1B-Instruct_forget10_GradDiff_lr5e-05_alpha5_epoch10",
  "metrics": {
    "rouge": 0.031956955941898395,
    "para_rouge": 0.02000355690800074,
    "jailbreak_rouge": 0.026434866714234336
  }
}