{
  "method": "simnpo",
  "example_indices": [
    0,
    1,
    2,
    3,
    4,
    5,
    6,
    7,
    8,
    9,
    10,
    11,
    12,
    13,
    14,
    15,
    16,
    17,
    18,
    19,
    20,
    21,
    22,
    23,
    24,
    25,
    26,
    27,
    28,
    29,
    30,
    31,
    32,
    33,
    34,
    35,
    36,
    37,
    38,
    39,
    40,
    41,
    42,
    43,
    44,
    45,
    46,
    47,
    48,
    49
  ],
  "num_examples": 50,
  "em_threshold": 0.5,
  "hard_avg_udr": 0.8584268162393163,
  "soft_avg_retention": 0.20552005593553088,
  "erasure_quality": {
    "n_evaluated": 48,
    "general_knowledge": 2,
    "over_erased": 24,
    "exact_erased": 7,
    "under_erased": 17,
    "over_erased_pct": 50.0,
    "exact_erased_pct": 14.583333333333334,
    "under_erased_pct": 35.416666666666664
  },
  "layer_stats": {
    "0": {
      "s1_em": 0.5007830298789144,
      "s2_em": 0.4864504968271116
    },
    "1": {
      "s1_em": 0.4280352510631843,
      "s2_em": 0.42050970144939936
    },
    "2": {
      "s1_em": 0.3855777208539299,
      "s2_em": 0.4000800721424881
    },
    "3": {
      "s1_em": 0.37295881562123157,
      "s2_em": 0.3662728486470293
    },
    "4": {
      "s1_em": 0.40021218677115433,
      "s2_em": 0.2833906992175114
    },
    "5": {
      "s1_em": 0.38295455740361795,
      "s2_em": 0.29402998743483955
    },
    "6": {
      "s1_em": 0.3671404709053209,
      "s2_em": 0.3295798683286513
    },
    "7": {
      "s1_em": 0.41331664593013484,
      "s2_em": 0.33376850868726066
    },
    "8": {
      "s1_em": 0.4093377424379826,
      "s2_em": 0.3473083202973083
    },
    "9": {
      "s1_em": 0.41447931542438327,
      "s2_em": 0.336136537150026
    },
    "10": {
      "s1_em": 0.4464045549358297,
      "s2_em": 0.3262501875519117
    },
    "11": {
      "s1_em": 0.3814472899785647,
      "s2_em": 0.3216477545875593
    },
    "12": {
      "s1_em": 0.4615649264528575,
      "s2_em": 0.38233330045931196
    },
    "13": {
      "s1_em": 0.5186766480645794,
      "s2_em": 0.4290479925398257
    },
    "14": {
      "s1_em": 0.549662245800177,
      "s2_em": 0.43775812684995996
    },
    "15": {
      "s1_em": 0.48702432816225927,
      "s2_em": 0.4216640760861857
    }
  }
}