{
  "model": "open-unlearning/unlearn_tofu_Llama-3.2-1B-Instruct_forget10_SimNPO_lr1e-05_b3.5_a1_d1_g0.125_ep10",
  "num_examples": 400,
  "avg_em": 0.8960108102858066,
  "avg_es": 0.3371517572752034,
  "avg_prob": 0.6574346459284425,
  "avg_paraprob": 0.0620308370172279,
  "avg_truth_ratio": 0.6823229922291705,
  "avg_mem": 0.2607730288930997,
  "missing_paraphrase": false,
  "missing_wrong": false
}