{
  "model": "open-unlearning/unlearn_tofu_Llama-3.2-1B-Instruct_forget10_NPO_lr1e-05_beta0.1_alpha2_epoch5",
  "num_examples": 400,
  "avg_em": 0.6920553262531758,
  "avg_es": 0.126952166315339,
  "avg_prob": 0.30171583390794693,
  "avg_paraprob": 0.11124767890200019,
  "avg_truth_ratio": 0.5955607963179227,
  "avg_mem": 0.5005956110047978,
  "missing_paraphrase": false,
  "missing_wrong": false
}