{
  "model": "open-unlearning/unlearn_tofu_Llama-3.2-1B-Instruct_forget10_AltPO_lr1e-05_beta0.1_alpha5_epoch5",
  "metrics": {
    "retain_Q_A_Prob": 0.7186975453794002,
    "retain_Q_A_ROUGE": 0.5494685556742318,
    "retain_Truth_Ratio": 0.435201020888519,
    "ra_Q_A_Prob": 0.4297301440132683,
    "ra_Q_A_ROUGE": 0.7928333333333333,
    "ra_Truth_Ratio": 0.5346450578403228,
    "wf_Q_A_Prob": 0.44891940060062985,
    "wf_Q_A_ROUGE": 0.8136752136752137,
    "wf_Truth_Ratio": 0.5976784987055971
  },
  "model_utility": 0.5590902842045207,
  "fluency": 0.8743855910445564,
  "utility": 0.6820630846225396,
  "fluency_model": "madhurjindal/autonlp-Gibberish-Detector-492513457"
}