{
  "method": "simnpo",
  "example_indices": [
    0,
    1,
    2,
    3,
    4,
    5,
    6,
    7,
    8,
    9,
    10,
    11,
    12,
    13,
    14,
    15,
    16,
    17,
    18,
    19,
    20,
    21,
    22,
    23,
    24,
    25,
    26,
    27,
    28,
    29,
    30,
    31,
    32,
    33,
    34,
    35,
    36,
    37,
    38,
    39,
    40,
    41,
    42,
    43,
    44,
    45,
    46,
    47,
    48,
    49
  ],
  "num_examples": 50,
  "em_threshold": 0.5,
  "hard_avg_udr": 0.8100670969857016,
  "soft_avg_retention": 0.220306182174739,
  "erasure_quality": {
    "n_evaluated": 43,
    "general_knowledge": 7,
    "over_erased": 28,
    "exact_erased": 4,
    "under_erased": 11,
    "over_erased_pct": 65.11627906976744,
    "exact_erased_pct": 9.30232558139535,
    "under_erased_pct": 25.58139534883721
  },
  "layer_stats": {
    "0": {
      "s1_em": 0.6899219865161467,
      "s2_em": 0.5003569230243086
    },
    "1": {
      "s1_em": 0.6647402071731101,
      "s2_em": 0.40868624370362916
    },
    "2": {
      "s1_em": 0.6102068091985358,
      "s2_em": 0.3763568730742585
    },
    "3": {
      "s1_em": 0.5294439886857151,
      "s2_em": 0.3575502082908137
    },
    "4": {
      "s1_em": 0.49126274770447415,
      "s2_em": 0.325585995492118
    },
    "5": {
      "s1_em": 0.47302232146404777,
      "s2_em": 0.37099124579736836
    },
    "6": {
      "s1_em": 0.45658146516010834,
      "s2_em": 0.35176737136569
    },
    "7": {
      "s1_em": 0.4261549583727068,
      "s2_em": 0.33538081531590125
    },
    "8": {
      "s1_em": 0.4346610472934536,
      "s2_em": 0.3245381481151259
    },
    "9": {
      "s1_em": 0.4139790360103108,
      "s2_em": 0.26863710623208326
    },
    "10": {
      "s1_em": 0.431526989226685,
      "s2_em": 0.26935699171058947
    },
    "11": {
      "s1_em": 0.4249822106134854,
      "s2_em": 0.30238803633646166
    },
    "12": {
      "s1_em": 0.4153381003377961,
      "s2_em": 0.29714597284439814
    },
    "13": {
      "s1_em": 0.49189304161255165,
      "s2_em": 0.33909966827177784
    },
    "14": {
      "s1_em": 0.5370782964162276,
      "s2_em": 0.37042475984686946
    },
    "15": {
      "s1_em": 0.5532687726067037,
      "s2_em": 0.4298948453169549
    }
  }
}