{
  "model": "open-unlearning/unlearn_tofu_Llama-3.2-1B-Instruct_forget10_NPO_lr2e-05_beta0.1_alpha1_epoch5",
  "metrics": {
    "rouge": 0.28211351617747377,
    "para_rouge": 0.2014779754720678,
    "jailbreak_rouge": 0.2783510096964422
  }
}