{
  "model": "open-unlearning/unlearn_tofu_Llama-3.2-1B-Instruct_forget10_AltPO_lr1e-05_beta0.1_alpha2_epoch5",
  "metrics": {
    "rouge": 0.44322160326338533,
    "para_rouge": 0.29047979485165404,
    "jailbreak_rouge": 0.40106478041274146
  }
}