{
  "model": "open-unlearning/tofu_Llama-3.2-1B-Instruct_retain90",
  "num_examples": 400,
  "avg_em": 0.590127374380827,
  "avg_es": 0.0589665745987584,
  "avg_prob": 0.12065876886248589,
  "avg_paraprob": 0.05507361976138782,
  "avg_truth_ratio": 0.567091056732075,
  "avg_mem": 0.582183839279926,
  "missing_paraphrase": false,
  "missing_wrong": false
}