{
  "model": "open-unlearning/unlearn_tofu_Llama-3.2-1B-Instruct_forget10_IdkDPO_lr2e-05_beta0.1_alpha1_epoch10",
  "attack": "all",
  "attacks": {
    "loss": {
      "auc": 0.816778125,
      "retain_auc": 0.38235312499999996,
      "full_auc": 0.99588125,
      "s_mia": 0.2919232512771929
    },
    "zlib": {
      "auc": 0.6992499999999999,
      "retain_auc": 0.304609375,
      "full_auc": 0.99625,
      "s_mia": 0.42941375804811943
    },
    "min_k": {
      "auc": 0.8105499999999999,
      "retain_auc": 0.37731562500000004,
      "full_auc": 0.996125,
      "s_mia": 0.29989041455617926
    },
    "min_k++": {
      "auc": 0.7454375,
      "retain_auc": 0.470575,
      "full_auc": 0.9974625,
      "s_mia": 0.4783279163009182
    }
  },
  "privacy_score": 0.3577983430979158,
  "reference_model": "open-unlearning/tofu_Llama-3.2-1B-Instruct_retain90",
  "full_model": "open-unlearning/tofu_Llama-3.2-1B-Instruct_full"
}