{
  "model": "open-unlearning/unlearn_tofu_Llama-3.2-1B-Instruct_forget10_RMU_lr2e-05_layer5_scoeff10_epoch5",
  "metrics": {
    "rouge": 0.2733811571988816,
    "para_rouge": 0.21393301867872694,
    "jailbreak_rouge": 0.2402926998647375
  }
}