{
  "model": "open-unlearning/unlearn_tofu_Llama-3.2-1B-Instruct_forget10_AltPO_lr5e-05_beta0.1_alpha5_epoch10",
  "num_examples": 400,
  "avg_em": 0.6326226522028446,
  "avg_es": 0.05668474780354829,
  "avg_prob": 0.13366810183506458,
  "avg_paraprob": 0.05514003347372636,
  "avg_truth_ratio": 0.5388556360515443,
  "avg_mem": 0.5706977447104269,
  "missing_paraphrase": false,
  "missing_wrong": false
}