{
  "model": "open-unlearning/unlearn_tofu_Llama-3.2-1B-Instruct_forget10_GradDiff_lr5e-05_alpha5_epoch5",
  "num_examples": 400,
  "avg_em": 0.028596563509199768,
  "avg_es": 0.03128339478283871,
  "avg_prob": 1.2660607705572787e-06,
  "avg_paraprob": 6.93348605895356e-07,
  "avg_truth_ratio": 0.009346748500204146,
  "avg_mem": 0.9825190992329988,
  "missing_paraphrase": false,
  "missing_wrong": false
}