{
  "model": "open-unlearning/unlearn_tofu_Llama-3.2-1B-Instruct_forget10_AltPO_lr2e-05_beta0.1_alpha5_epoch10",
  "attack": "all",
  "attacks": {
    "loss": {
      "auc": 0.889990625,
      "retain_auc": 0.38235312499999996,
      "full_auc": 0.99588125,
      "s_mia": 0.17259294347753007
    },
    "zlib": {
      "auc": 0.7870187500000001,
      "retain_auc": 0.304609375,
      "full_auc": 0.99625,
      "s_mia": 0.30251440189766166
    },
    "min_k": {
      "auc": 0.882421875,
      "retain_auc": 0.37731562500000004,
      "full_auc": 0.996125,
      "s_mia": 0.18374499416722645
    },
    "min_k++": {
      "auc": 0.8585875,
      "retain_auc": 0.470575,
      "full_auc": 0.9974625,
      "s_mia": 0.263576190363218
    }
  },
  "privacy_score": 0.2181512542518885,
  "reference_model": "open-unlearning/tofu_Llama-3.2-1B-Instruct_retain90",
  "full_model": "open-unlearning/tofu_Llama-3.2-1B-Instruct_full"
}