{
  "model": "open-unlearning/unlearn_tofu_Llama-3.2-1B-Instruct_forget10_UNDIAL_lr0.0003_beta10_alpha5_epoch10",
  "metrics": {
    "retain_Q_A_Prob": 0.4127889040205628,
    "retain_Q_A_ROUGE": 0.4512005273036352,
    "retain_Truth_Ratio": 0.4362621131663616,
    "ra_Q_A_Prob": 0.2679406564069619,
    "ra_Q_A_ROUGE": 0.005,
    "ra_Truth_Ratio": 0.3210194892904213,
    "wf_Q_A_Prob": 0.3046259564183859,
    "wf_Q_A_ROUGE": 0.13917378917378917,
    "wf_Truth_Ratio": 0.38243195111127204
  },
  "model_utility": 0.03967184855018415,
  "fluency": 0.8648142499779351,
  "utility": 0.07586358708182567,
  "fluency_model": "madhurjindal/autonlp-Gibberish-Detector-492513457"
}