{
  "model": "open-unlearning/unlearn_tofu_Llama-3.2-1B-Instruct_forget10_IdkDPO_lr5e-05_beta0.1_alpha5_epoch5",
  "attack": "all",
  "attacks": {
    "loss": {
      "auc": 0.8017375,
      "retain_auc": 0.38283124999999996,
      "full_auc": 0.9958281250000001,
      "s_mia": 0.3166257984594131
    },
    "zlib": {
      "auc": 0.69448125,
      "retain_auc": 0.30548125000000004,
      "full_auc": 0.99625,
      "s_mia": 0.436859296255078
    },
    "min_k": {
      "auc": 0.7959843750000001,
      "retain_auc": 0.37810625,
      "full_auc": 0.99600625,
      "s_mia": 0.32371237255219276
    },
    "min_k++": {
      "auc": 0.7390625,
      "retain_auc": 0.47179375,
      "full_auc": 0.997425,
      "s_mia": 0.4915280436617877
    }
  },
  "privacy_score": 0.378393614072799,
  "reference_model": "open-unlearning/tofu_Llama-3.2-1B-Instruct_retain90",
  "full_model": "open-unlearning/tofu_Llama-3.2-1B-Instruct_full"
}