{
  "model": "open-unlearning/unlearn_tofu_Llama-3.2-1B-Instruct_forget10_UNDIAL_lr0.0003_beta10_alpha2_epoch5",
  "num_examples": 400,
  "avg_em": 0.4478575680032372,
  "avg_es": 0.057994840139368405,
  "avg_prob": 0.1263484118692577,
  "avg_paraprob": 0.06563583848299459,
  "avg_truth_ratio": 0.6412393021341336,
  "avg_mem": 0.5943260836965699,
  "missing_paraphrase": false,
  "missing_wrong": false
}