{
  "model": "open-unlearning/unlearn_tofu_Llama-3.2-1B-Instruct_forget10_NPO_lr5e-05_beta0.1_alpha5_epoch5",
  "metrics": {
    "retain_Q_A_Prob": 0.6760718087106943,
    "retain_Q_A_ROUGE": 0.5435196873421604,
    "retain_Truth_Ratio": 0.48153983774116854,
    "ra_Q_A_Prob": 0.40061746787314173,
    "ra_Q_A_ROUGE": 0.7695000000000001,
    "ra_Truth_Ratio": 0.5118785057584548,
    "wf_Q_A_Prob": 0.4481730054735509,
    "wf_Q_A_ROUGE": 0.8521367521367521,
    "wf_Truth_Ratio": 0.6255524636445207
  },
  "model_utility": 0.5573330639333265,
  "fluency": 0.9102747641457245,
  "utility": 0.6913648368683578,
  "fluency_model": "madhurjindal/autonlp-Gibberish-Detector-492513457"
}