{
  "model": "open-unlearning/unlearn_tofu_Llama-3.2-1B-Instruct_forget10_IdkNLL_lr5e-05_alpha1_epoch5",
  "metrics": {
    "rouge": 0.008605150758326659,
    "para_rouge": 0.00810664331247146,
    "jailbreak_rouge": 0.16971459741099792
  }
}