{
  "model": "open-unlearning/unlearn_tofu_Llama-3.2-1B-Instruct_forget10_UNDIAL_lr1e-05_beta10_alpha1_epoch5",
  "metrics": {
    "rouge": 0.6539926145705919,
    "para_rouge": 0.31159876771942674,
    "jailbreak_rouge": 0.5048980432003862
  }
}