{
  "model": "open-unlearning/unlearn_tofu_Llama-3.2-1B-Instruct_forget10_SimNPO_lr5e-05_b3.5_a1_d1_g0.25_ep5",
  "metrics": {
    "rouge": 0.3507730072818552,
    "para_rouge": 0.2534688915209551,
    "jailbreak_rouge": 0.31154564949547314
  }
}