{
  "model": "open-unlearning/unlearn_tofu_Llama-3.2-1B-Instruct_forget10_RMU_lr1e-05_layer15_scoeff10_epoch5",
  "num_examples": 400,
  "avg_em": 0.963829088807106,
  "avg_es": 0.6306275619143212,
  "avg_prob": 0.8561866024136543,
  "avg_paraprob": 0.09559018542990089,
  "avg_truth_ratio": 0.6813104612993212,
  "avg_mem": 0.11561574759383657,
  "missing_paraphrase": false,
  "missing_wrong": false
}