{
  "model": "open-unlearning/unlearn_tofu_Llama-3.2-1B-Instruct_forget10_RMU_lr5e-05_layer15_scoeff10_epoch5",
  "num_examples": 400,
  "avg_em": 0.8869290842115879,
  "avg_es": 0.29292446031228403,
  "avg_prob": 0.6438750245422125,
  "avg_paraprob": 0.07340657305787318,
  "avg_truth_ratio": 0.6684307407257367,
  "avg_mem": 0.2786783261869894,
  "missing_paraphrase": false,
  "missing_wrong": false
}