{
  "model": "open-unlearning/unlearn_tofu_Llama-3.2-1B-Instruct_forget10_AltPO_lr1e-05_beta0.1_alpha1_epoch10",
  "attack": "all",
  "attacks": {
    "loss": {
      "auc": 0.958846875,
      "retain_auc": 0.38235312499999996,
      "full_auc": 0.99588125,
      "s_mia": 0.06036296217064219
    },
    "zlib": {
      "auc": 0.88003125,
      "retain_auc": 0.304609375,
      "full_auc": 0.99625,
      "s_mia": 0.16803343499378742
    },
    "min_k": {
      "auc": 0.9565874999999999,
      "retain_auc": 0.37731562500000004,
      "full_auc": 0.996125,
      "s_mia": 0.0638928587660782
    },
    "min_k++": {
      "auc": 0.96138125,
      "retain_auc": 0.470575,
      "full_auc": 0.9974625,
      "s_mia": 0.06847998861236981
    }
  },
  "privacy_score": 0.07579826822473064,
  "reference_model": "open-unlearning/tofu_Llama-3.2-1B-Instruct_retain90",
  "full_model": "open-unlearning/tofu_Llama-3.2-1B-Instruct_full"
}