{
  "model": "open-unlearning/unlearn_tofu_Llama-3.2-1B-Instruct_forget10_NPO_lr1e-05_beta0.1_alpha5_epoch5",
  "attack": "all",
  "attacks": {
    "loss": {
      "auc": 0.9077249999999999,
      "retain_auc": 0.38283124999999996,
      "full_auc": 0.9958281250000001,
      "s_mia": 0.14372524329752934
    },
    "zlib": {
      "auc": 0.8135187500000001,
      "retain_auc": 0.30548125000000004,
      "full_auc": 0.99625,
      "s_mia": 0.26453317409046073
    },
    "min_k": {
      "auc": 0.9058031249999999,
      "retain_auc": 0.37810625,
      "full_auc": 0.99600625,
      "s_mia": 0.14598337109564663
    },
    "min_k++": {
      "auc": 0.88475,
      "retain_auc": 0.47179375,
      "full_auc": 0.997425,
      "s_mia": 0.21436130367058648
    }
  },
  "privacy_score": 0.17975039405852503,
  "reference_model": "open-unlearning/tofu_Llama-3.2-1B-Instruct_retain90",
  "full_model": "open-unlearning/tofu_Llama-3.2-1B-Instruct_full"
}