{
  "model": "open-unlearning/unlearn_tofu_Llama-3.2-1B-Instruct_forget10_IdkNLL_lr2e-05_alpha1_epoch5",
  "attack": "all",
  "attacks": {
    "loss": {
      "auc": 0.99368125,
      "retain_auc": 0.38283124999999996,
      "full_auc": 0.9958281250000001,
      "s_mia": 0.00350226092098771
    },
    "zlib": {
      "auc": 0.9929062500000001,
      "retain_auc": 0.30548125000000004,
      "full_auc": 0.99625,
      "s_mia": 0.004840621409118229
    },
    "min_k": {
      "auc": 0.9938406250000001,
      "retain_auc": 0.37810625,
      "full_auc": 0.99600625,
      "s_mia": 0.003504814694934244
    },
    "min_k++": {
      "auc": 0.9901875000000001,
      "retain_auc": 0.47179375,
      "full_auc": 0.997425,
      "s_mia": 0.01376915851178917
    }
  },
  "privacy_score": 0.004705534945118799,
  "reference_model": "open-unlearning/tofu_Llama-3.2-1B-Instruct_retain90",
  "full_model": "open-unlearning/tofu_Llama-3.2-1B-Instruct_full"
}