{
  "model": "open-unlearning/unlearn_tofu_Llama-3.2-1B-Instruct_forget10_NPO_lr5e-05_beta0.1_alpha5_epoch5",
  "attack": "all",
  "attacks": {
    "loss": {
      "auc": 0.231253125,
      "retain_auc": 0.38283124999999996,
      "full_auc": 0.9958281250000001,
      "s_mia": 0.7527261048435199
    },
    "zlib": {
      "auc": 0.23739375000000001,
      "retain_auc": 0.30548125000000004,
      "full_auc": 0.99625,
      "s_mia": 0.9014322810636699
    },
    "min_k": {
      "auc": 0.229421875,
      "retain_auc": 0.37810625,
      "full_auc": 0.99600625,
      "s_mia": 0.7593714597831365
    },
    "min_k++": {
      "auc": 0.31785624999999995,
      "retain_auc": 0.47179375,
      "full_auc": 0.997425,
      "s_mia": 0.7071378461611633
    }
  },
  "privacy_score": 0.7738620131848812,
  "reference_model": "open-unlearning/tofu_Llama-3.2-1B-Instruct_retain90",
  "full_model": "open-unlearning/tofu_Llama-3.2-1B-Instruct_full"
}