{
  "model": "open-unlearning/unlearn_tofu_Llama-3.2-1B-Instruct_forget10_UNDIAL_lr0.0003_beta10_alpha2_epoch5",
  "metrics": {
    "rouge": 0.30094550056184216,
    "para_rouge": 0.23519238130905418,
    "jailbreak_rouge": 0.28436586899880845
  }
}