{
  "method": "simnpo",
  "example_indices": [
    0,
    1,
    2,
    3,
    4,
    5,
    6,
    7,
    8,
    9,
    10,
    11,
    12,
    13,
    14,
    15,
    16,
    17,
    18,
    19,
    20,
    21,
    22,
    23,
    24,
    25,
    26,
    27,
    28,
    29,
    30,
    31,
    32,
    33,
    34,
    35,
    36,
    37,
    38,
    39,
    40,
    41,
    42,
    43,
    44,
    45,
    46,
    47,
    48,
    49
  ],
  "num_examples": 50,
  "em_threshold": 0.5,
  "hard_avg_udr": 0.8875928084261419,
  "soft_avg_retention": 0.16305915971095442,
  "erasure_quality": {
    "n_evaluated": 45,
    "general_knowledge": 5,
    "over_erased": 27,
    "exact_erased": 6,
    "under_erased": 12,
    "over_erased_pct": 60.0,
    "exact_erased_pct": 13.333333333333334,
    "under_erased_pct": 26.666666666666668
  },
  "layer_stats": {
    "0": {
      "s1_em": 0.571625518679629,
      "s2_em": 0.29774864796603345,
      "s1_cos_sim": 1.0,
      "s2_cos_sim": 0.99609375
    },
    "1": {
      "s1_em": 0.45375304141489153,
      "s2_em": 0.23382165527733478,
      "s1_cos_sim": 0.99734375,
      "s2_cos_sim": 0.98703125
    },
    "2": {
      "s1_em": 0.43092149441782723,
      "s2_em": 0.20309717452932463,
      "s1_cos_sim": 0.99515625,
      "s2_cos_sim": 0.971875
    },
    "3": {
      "s1_em": 0.35681378283116816,
      "s2_em": 0.2080204686118479,
      "s1_cos_sim": 0.989765625,
      "s2_cos_sim": 0.943984375
    },
    "4": {
      "s1_em": 0.3484041480215334,
      "s2_em": 0.20009729440043839,
      "s1_cos_sim": 0.98359375,
      "s2_cos_sim": 0.918515625
    },
    "5": {
      "s1_em": 0.3125906065933876,
      "s2_em": 0.1824369222055834,
      "s1_cos_sim": 0.9746875,
      "s2_cos_sim": 0.891484375
    },
    "6": {
      "s1_em": 0.2985666982502095,
      "s2_em": 0.19681130513259792,
      "s1_cos_sim": 0.970078125,
      "s2_cos_sim": 0.874609375
    },
    "7": {
      "s1_em": 0.2889613158931031,
      "s2_em": 0.1904301821086757,
      "s1_cos_sim": 0.96765625,
      "s2_cos_sim": 0.869140625
    },
    "8": {
      "s1_em": 0.33057557832663514,
      "s2_em": 0.20128404089356902,
      "s1_cos_sim": 0.9690625,
      "s2_cos_sim": 0.873984375
    },
    "9": {
      "s1_em": 0.33598329666193977,
      "s2_em": 0.2548101914650596,
      "s1_cos_sim": 0.971640625,
      "s2_cos_sim": 0.87953125
    },
    "10": {
      "s1_em": 0.36377690136334834,
      "s2_em": 0.2408011013214867,
      "s1_cos_sim": 0.971015625,
      "s2_cos_sim": 0.87296875
    },
    "11": {
      "s1_em": 0.39825363918491385,
      "s2_em": 0.2920473726746545,
      "s1_cos_sim": 0.970234375,
      "s2_cos_sim": 0.863359375
    },
    "12": {
      "s1_em": 0.36049912358557057,
      "s2_em": 0.28298514486415094,
      "s1_cos_sim": 0.96734375,
      "s2_cos_sim": 0.851953125
    },
    "13": {
      "s1_em": 0.45156778276407294,
      "s2_em": 0.31690962153690344,
      "s1_cos_sim": 0.962734375,
      "s2_cos_sim": 0.837578125
    },
    "14": {
      "s1_em": 0.46774923658716766,
      "s2_em": 0.40016230773958966,
      "s1_cos_sim": 0.9596875,
      "s2_cos_sim": 0.83046875
    },
    "15": {
      "s1_em": 0.5532687726067037,
      "s2_em": 0.4298948453169549,
      "s1_cos_sim": 0.942734375,
      "s2_cos_sim": 0.7828125
    }
  }
}