{
  "model": "open-unlearning/unlearn_tofu_Llama-3.2-1B-Instruct_forget10_NPO_lr5e-05_beta0.1_alpha5_epoch10",
  "attack": "all",
  "attacks": {
    "loss": {
      "auc": 0.22173437499999998,
      "retain_auc": 0.38235312499999996,
      "full_auc": 0.99588125,
      "s_mia": 0.5799203942690412
    },
    "zlib": {
      "auc": 0.22769062499999998,
      "retain_auc": 0.304609375,
      "full_auc": 0.99625,
      "s_mia": 0.7474839702487817
    },
    "min_k": {
      "auc": 0.21668125000000002,
      "retain_auc": 0.37731562500000004,
      "full_auc": 0.996125,
      "s_mia": 0.5742705460448398
    },
    "min_k++": {
      "auc": 0.318375,
      "retain_auc": 0.470575,
      "full_auc": 0.9974625,
      "s_mia": 0.6765659034160336
    }
  },
  "privacy_score": 0.636781647400218,
  "reference_model": "open-unlearning/tofu_Llama-3.2-1B-Instruct_retain90",
  "full_model": "open-unlearning/tofu_Llama-3.2-1B-Instruct_full"
}