{
  "model": "open-unlearning/unlearn_tofu_Llama-3.2-1B-Instruct_forget10_SimNPO_lr2e-05_b4.5_a1_d1_g0.125_ep5",
  "num_examples": 400,
  "avg_em": 0.7960160610079765,
  "avg_es": 0.16758385143088048,
  "avg_prob": 0.30435758945532143,
  "avg_paraprob": 0.040713439088576706,
  "avg_truth_ratio": 0.6541756871568505,
  "avg_mem": 0.3984955989526877,
  "missing_paraphrase": false,
  "missing_wrong": false
}