{
  "model": "open-unlearning/unlearn_tofu_Llama-3.2-1B-Instruct_forget10_RMU_lr1e-05_layer15_scoeff10_epoch10",
  "attack": "all",
  "attacks": {
    "loss": {
      "auc": 0.9949875,
      "retain_auc": 0.38235312499999996,
      "full_auc": 0.99588125,
      "s_mia": 0.001456738433955329
    },
    "zlib": {
      "auc": 0.9950500000000001,
      "retain_auc": 0.304609375,
      "full_auc": 0.99625,
      "s_mia": 0.0017350050830224895
    },
    "min_k": {
      "auc": 0.99518125,
      "retain_auc": 0.37731562500000004,
      "full_auc": 0.996125,
      "s_mia": 0.0015251061766800023
    },
    "min_k++": {
      "auc": 0.99579375,
      "retain_auc": 0.470575,
      "full_auc": 0.9974625,
      "s_mia": 0.0031671846456784447
    }
  },
  "privacy_score": 0.0017903002502384034,
  "reference_model": "open-unlearning/tofu_Llama-3.2-1B-Instruct_retain90",
  "full_model": "open-unlearning/tofu_Llama-3.2-1B-Instruct_full"
}