{
  "model": "open-unlearning/unlearn_tofu_Llama-3.2-1B-Instruct_forget10_RMU_lr1e-05_layer5_scoeff10_epoch10",
  "attack": "all",
  "attacks": {
    "loss": {
      "auc": 0.9933312499999999,
      "retain_auc": 0.38235312499999996,
      "full_auc": 0.99588125,
      "s_mia": 0.004156288678697773
    },
    "zlib": {
      "auc": 0.9949749999999999,
      "retain_auc": 0.304609375,
      "full_auc": 0.99625,
      "s_mia": 0.0018434429007118114
    },
    "min_k": {
      "auc": 0.9938999999999999,
      "retain_auc": 0.37731562500000004,
      "full_auc": 0.996125,
      "s_mia": 0.0035956145622392244
    },
    "min_k++": {
      "auc": 0.99200625,
      "retain_auc": 0.470575,
      "full_auc": 0.9974625,
      "s_mia": 0.010355626201039025
    }
  },
  "privacy_score": 0.0034549924345891217,
  "reference_model": "open-unlearning/tofu_Llama-3.2-1B-Instruct_retain90",
  "full_model": "open-unlearning/tofu_Llama-3.2-1B-Instruct_full"
}