{
  "model": "open-unlearning/unlearn_tofu_Llama-3.2-1B-Instruct_forget10_SimNPO_lr5e-05_b4.5_a1_d1_g0.125_ep5",
  "num_examples": 400,
  "avg_em": 0.6675449161231518,
  "avg_es": 0.09249976034850059,
  "avg_prob": 0.14533487698528916,
  "avg_paraprob": 0.05171761015895754,
  "avg_truth_ratio": 0.5985924062993702,
  "avg_mem": 0.5224916460498623,
  "missing_paraphrase": false,
  "missing_wrong": false
}