{
  "model": "open-unlearning/unlearn_tofu_Llama-3.2-1B-Instruct_forget10_NPO_lr2e-05_beta0.1_alpha5_epoch10",
  "num_examples": 400,
  "avg_em": 0.6532045475393534,
  "avg_es": 0.08060179995177753,
  "avg_prob": 0.12743709914007922,
  "avg_paraprob": 0.03381361679465044,
  "avg_truth_ratio": 0.5866168312124984,
  "avg_mem": 0.5387007813945653,
  "missing_paraphrase": false,
  "missing_wrong": false
}