{
  "method": "idknll",
  "example_indices": [
    0,
    1,
    2,
    3,
    4,
    5,
    6,
    7,
    8,
    9,
    10,
    11,
    12,
    13,
    14,
    15,
    16,
    17,
    18,
    19,
    20,
    21,
    22,
    23,
    24,
    25,
    26,
    27,
    28,
    29,
    30,
    31,
    32,
    33,
    34,
    35,
    36,
    37,
    38,
    39,
    40,
    41,
    42,
    43,
    44,
    45,
    46,
    47,
    48,
    49
  ],
  "num_examples": 50,
  "em_threshold": 0.5,
  "hard_avg_udr": 0.5019992926969671,
  "soft_avg_retention": 0.4944685426661446,
  "erasure_quality": {
    "n_evaluated": 43,
    "general_knowledge": 7,
    "over_erased": 14,
    "exact_erased": 4,
    "under_erased": 25,
    "over_erased_pct": 32.55813953488372,
    "exact_erased_pct": 9.30232558139535,
    "under_erased_pct": 58.13953488372093
  },
  "layer_stats": {
    "0": {
      "s1_em": 0.6899219865161467,
      "s2_em": 0.7476110487439087
    },
    "1": {
      "s1_em": 0.6647402071731101,
      "s2_em": 0.6883636316692099
    },
    "2": {
      "s1_em": 0.6102068091985358,
      "s2_em": 0.633630742651534
    },
    "3": {
      "s1_em": 0.5294439886857151,
      "s2_em": 0.5991344424202065
    },
    "4": {
      "s1_em": 0.49126274770447415,
      "s2_em": 0.5269381005990914
    },
    "5": {
      "s1_em": 0.47302232146404777,
      "s2_em": 0.5182995437311227
    },
    "6": {
      "s1_em": 0.45658146516010834,
      "s2_em": 0.5030392620587721
    },
    "7": {
      "s1_em": 0.4261549583727068,
      "s2_em": 0.5042239799552548
    },
    "8": {
      "s1_em": 0.4346610472934536,
      "s2_em": 0.5661993002963968
    },
    "9": {
      "s1_em": 0.4139790360103108,
      "s2_em": 0.490621766718863
    },
    "10": {
      "s1_em": 0.431526989226685,
      "s2_em": 0.4580002077504479
    },
    "11": {
      "s1_em": 0.4249822106134854,
      "s2_em": 0.5518250002669242
    },
    "12": {
      "s1_em": 0.4153381003377961,
      "s2_em": 0.5213165164136128
    },
    "13": {
      "s1_em": 0.49189304161255165,
      "s2_em": 0.5847133418104381
    },
    "14": {
      "s1_em": 0.5370782964162276,
      "s2_em": 0.611164469629987
    },
    "15": {
      "s1_em": 0.5532687726067037,
      "s2_em": 0.587649143959489
    }
  }
}