{
  "model": "open-unlearning/unlearn_tofu_Llama-3.2-1B-Instruct_forget10_IdkNLL_lr2e-05_alpha1_epoch10",
  "attack": "all",
  "attacks": {
    "loss": {
      "auc": 0.9932624999999999,
      "retain_auc": 0.38235312499999996,
      "full_auc": 0.99588125,
      "s_mia": 0.00426834548130961
    },
    "zlib": {
      "auc": 0.9920374999999999,
      "retain_auc": 0.304609375,
      "full_auc": 0.99625,
      "s_mia": 0.006090590760194581
    },
    "min_k": {
      "auc": 0.9934750000000001,
      "retain_auc": 0.37731562500000004,
      "full_auc": 0.996125,
      "s_mia": 0.00428241734379009
    },
    "min_k++": {
      "auc": 0.9891249999999999,
      "retain_auc": 0.470575,
      "full_auc": 0.9974625,
      "s_mia": 0.015824061113615562
    }
  },
  "privacy_score": 0.005753918906672914,
  "reference_model": "open-unlearning/tofu_Llama-3.2-1B-Instruct_retain90",
  "full_model": "open-unlearning/tofu_Llama-3.2-1B-Instruct_full"
}