{
  "model": "open-unlearning/unlearn_tofu_Llama-3.2-1B-Instruct_forget10_SimNPO_lr2e-05_b3.5_a1_d1_g0.25_ep5",
  "attack": "all",
  "attacks": {
    "loss": {
      "auc": 0.644434375,
      "retain_auc": 0.38283124999999996,
      "full_auc": 0.9958281250000001,
      "s_mia": 0.5732390560718601
    },
    "zlib": {
      "auc": 0.5281781249999999,
      "retain_auc": 0.30548125000000004,
      "full_auc": 0.99625,
      "s_mia": 0.6776100902074682
    },
    "min_k": {
      "auc": 0.61018125,
      "retain_auc": 0.37810625,
      "full_auc": 0.99600625,
      "s_mia": 0.6244133354911798
    },
    "min_k++": {
      "auc": 0.31268749999999995,
      "retain_auc": 0.47179375,
      "full_auc": 0.997425,
      "s_mia": 0.6973044315763188
    }
  },
  "privacy_score": 0.6394020328940009,
  "reference_model": "open-unlearning/tofu_Llama-3.2-1B-Instruct_retain90",
  "full_model": "open-unlearning/tofu_Llama-3.2-1B-Instruct_full"
}