{
  "model": "open-unlearning/unlearn_tofu_Llama-3.2-1B-Instruct_forget10_AltPO_lr2e-05_beta0.1_alpha5_epoch10",
  "num_examples": 400,
  "avg_em": 0.7630816435813904,
  "avg_es": 0.11505880367763446,
  "avg_prob": 0.35462444144301114,
  "avg_paraprob": 0.08325750249205158,
  "avg_truth_ratio": 0.5995238571483799,
  "avg_mem": 0.4474909427148235,
  "missing_paraphrase": false,
  "missing_wrong": false
}