{
  "model": "open-unlearning/unlearn_tofu_Llama-3.2-1B-Instruct_forget10_SimNPO_lr1e-05_b4.5_a1_d1_g0.25_ep5",
  "metrics": {
    "rouge": 0.5159294342482199,
    "para_rouge": 0.3069675578057721,
    "jailbreak_rouge": 0.4473740540397969
  }
}