{
  "model": "open-unlearning/unlearn_tofu_Llama-3.2-1B-Instruct_forget10_AltPO_lr1e-05_beta0.1_alpha2_epoch10",
  "num_examples": 400,
  "avg_em": 0.8404431760311126,
  "avg_es": 0.1770263658186134,
  "avg_prob": 0.5613402543216943,
  "avg_paraprob": 0.1175429972494021,
  "avg_truth_ratio": 0.6195526528624502,
  "avg_mem": 0.35574054982925457,
  "missing_paraphrase": false,
  "missing_wrong": false
}