{
  "model": "open-unlearning/unlearn_tofu_Llama-3.2-1B-Instruct_forget10_RMU_lr1e-05_layer15_scoeff10_epoch10",
  "num_examples": 400,
  "avg_em": 0.961448205113411,
  "avg_es": 0.618714843058448,
  "avg_prob": 0.8528617540001869,
  "avg_paraprob": 0.09429350166814401,
  "avg_truth_ratio": 0.6813779498360806,
  "avg_mem": 0.12193462583462979,
  "missing_paraphrase": false,
  "missing_wrong": false
}