{
  "model": "open-unlearning/unlearn_tofu_Llama-3.2-1B-Instruct_forget10_GradDiff_lr2e-05_alpha5_epoch10",
  "attack": "all",
  "attacks": {
    "loss": {
      "auc": 4.9999999999999494e-05,
      "retain_auc": 0.38235312499999996,
      "full_auc": 0.99588125,
      "s_mia": 0.3768775881301286
    },
    "zlib": {
      "auc": 0.0,
      "retain_auc": 0.304609375,
      "full_auc": 0.99625,
      "s_mia": 0.5595843216988592
    },
    "min_k": {
      "auc": 4.374999999999935e-05,
      "retain_auc": 0.37731562500000004,
      "full_auc": 0.996125,
      "s_mia": 0.3903261808210322
    },
    "min_k++": {
      "auc": 0.0,
      "retain_auc": 0.470575,
      "full_auc": 0.9974625,
      "s_mia": 0.1068776541481814
    }
  },
  "privacy_score": 0.24451559396045242,
  "reference_model": "open-unlearning/tofu_Llama-3.2-1B-Instruct_retain90",
  "full_model": "open-unlearning/tofu_Llama-3.2-1B-Instruct_full"
}