{
  "model": "open-unlearning/unlearn_tofu_Llama-3.2-1B-Instruct_forget10_NPO_lr2e-05_beta0.1_alpha1_epoch5",
  "attack": "all",
  "attacks": {
    "loss": {
      "auc": 0.4205,
      "retain_auc": 0.38283124999999996,
      "full_auc": 0.9958281250000001,
      "s_mia": 0.9385498498666898
    },
    "zlib": {
      "auc": 0.3725375,
      "retain_auc": 0.30548125000000004,
      "full_auc": 0.99625,
      "s_mia": 0.902925182993585
    },
    "min_k": {
      "auc": 0.40690624999999997,
      "retain_auc": 0.37810625,
      "full_auc": 0.99600625,
      "s_mia": 0.9533905162647678
    },
    "min_k++": {
      "auc": 0.3677125,
      "retain_auc": 0.47179375,
      "full_auc": 0.997425,
      "s_mia": 0.8019880857540338
    }
  },
  "privacy_score": 0.8951000014023541,
  "reference_model": "open-unlearning/tofu_Llama-3.2-1B-Instruct_retain90",
  "full_model": "open-unlearning/tofu_Llama-3.2-1B-Instruct_full"
}