{
  "model": "open-unlearning/unlearn_tofu_Llama-3.2-1B-Instruct_forget10_IdkNLL_lr5e-05_alpha1_epoch10",
  "attack": "all",
  "attacks": {
    "loss": {
      "auc": 0.973453125,
      "retain_auc": 0.38235312499999996,
      "full_auc": 0.99588125,
      "s_mia": 0.03655598510663227
    },
    "zlib": {
      "auc": 0.9395562500000001,
      "retain_auc": 0.304609375,
      "full_auc": 0.99625,
      "s_mia": 0.0819699536880153
    },
    "min_k": {
      "auc": 0.9746125,
      "retain_auc": 0.37731562500000004,
      "full_auc": 0.996125,
      "s_mia": 0.03476434079558033
    },
    "min_k++": {
      "auc": 0.959925,
      "retain_auc": 0.470575,
      "full_auc": 0.9974625,
      "s_mia": 0.07124386135560234
    }
  },
  "privacy_score": 0.048569448637449164,
  "reference_model": "open-unlearning/tofu_Llama-3.2-1B-Instruct_retain90",
  "full_model": "open-unlearning/tofu_Llama-3.2-1B-Instruct_full"
}