{
  "model": "open-unlearning/unlearn_tofu_Llama-3.2-1B-Instruct_forget10_NPO_lr5e-05_beta0.1_alpha1_epoch10",
  "metrics": {
    "rouge": 0.27298476905433794,
    "para_rouge": 0.1992044600453891,
    "jailbreak_rouge": 0.25875420020071166
  }
}