{
  "model": "open-unlearning/unlearn_tofu_Llama-3.2-1B-Instruct_forget10_UNDIAL_lr1e-05_beta10_alpha1_epoch10",
  "num_examples": 400,
  "avg_em": 0.9174992710351944,
  "avg_es": 0.4041284556755126,
  "avg_prob": 0.680639224871993,
  "avg_paraprob": 0.12104283685563132,
  "avg_truth_ratio": 0.6785017949691007,
  "avg_mem": 0.221637736189389,
  "missing_paraphrase": false,
  "missing_wrong": false
}