{
  "model": "open-unlearning/unlearn_tofu_Llama-3.2-1B-Instruct_forget10_UNDIAL_lr0.0001_beta10_alpha1_epoch10",
  "metrics": {
    "rouge": 0.3052161380159635,
    "para_rouge": 0.25168186465223497,
    "jailbreak_rouge": 0.2946296592401864
  }
}