{
  "model": "open-unlearning/unlearn_tofu_Llama-3.2-1B-Instruct_forget10_RMU_lr1e-05_layer5_scoeff10_epoch5",
  "num_examples": 400,
  "avg_em": 0.9422964222729207,
  "avg_es": 0.48792455011529545,
  "avg_prob": 0.8087757542729378,
  "avg_paraprob": 0.09131274966872298,
  "avg_truth_ratio": 0.6825745229398531,
  "avg_mem": 0.1699696039331591,
  "missing_paraphrase": false,
  "missing_wrong": false
}