{
  "method": "simnpo",
  "example_indices": [
    0,
    1,
    2,
    3,
    4,
    5,
    6,
    7,
    8,
    9,
    10,
    11,
    12,
    13,
    14,
    15,
    16,
    17,
    18,
    19,
    20,
    21,
    22,
    23,
    24,
    25,
    26,
    27,
    28,
    29,
    30,
    31,
    32,
    33,
    34,
    35,
    36,
    37,
    38,
    39,
    40,
    41,
    42,
    43,
    44,
    45,
    46,
    47,
    48,
    49,
    50,
    51,
    52,
    53,
    54,
    55,
    56,
    57,
    58,
    59,
    60,
    61,
    62,
    63,
    64,
    65,
    66,
    67,
    68,
    69,
    70,
    71,
    72,
    73,
    74,
    75,
    76,
    77,
    78,
    79,
    80,
    81,
    82,
    83,
    84,
    85,
    86,
    87,
    88,
    89,
    90,
    91,
    92,
    93,
    94,
    95,
    96,
    97,
    98,
    99
  ],
  "num_examples": 100,
  "em_threshold": 0.5,
  "hard_avg_udr": 0.8015345943230557,
  "soft_avg_retention": 0.2301905025442774,
  "erasure_quality": {
    "n_evaluated": 78,
    "general_knowledge": 22,
    "over_erased": 51,
    "exact_erased": 6,
    "under_erased": 21,
    "over_erased_pct": 65.38461538461539,
    "exact_erased_pct": 7.6923076923076925,
    "under_erased_pct": 26.923076923076923
  },
  "layer_stats": {
    "0": {
      "s1_em": 0.7409562857647224,
      "s2_em": 0.5505549911202452,
      "s1_cos_sim": 1.0,
      "s2_cos_sim": 0.99609375
    },
    "1": {
      "s1_em": 0.6791114109479146,
      "s2_em": 0.4571156064900038,
      "s1_cos_sim": 0.997265625,
      "s2_cos_sim": 0.988984375
    },
    "2": {
      "s1_em": 0.5858748692429588,
      "s2_em": 0.44329766826880473,
      "s1_cos_sim": 0.994921875,
      "s2_cos_sim": 0.97640625
    },
    "3": {
      "s1_em": 0.5329754900983752,
      "s2_em": 0.37895360881661844,
      "s1_cos_sim": 0.988984375,
      "s2_cos_sim": 0.9529296875
    },
    "4": {
      "s1_em": 0.5165688892917744,
      "s2_em": 0.3462800183452611,
      "s1_cos_sim": 0.981484375,
      "s2_cos_sim": 0.9286328125
    },
    "5": {
      "s1_em": 0.5058004548276875,
      "s2_em": 0.3608292647095711,
      "s1_cos_sim": 0.9728515625,
      "s2_cos_sim": 0.9084375
    },
    "6": {
      "s1_em": 0.49324324065696246,
      "s2_em": 0.35532614953943925,
      "s1_cos_sim": 0.9676171875,
      "s2_cos_sim": 0.8959765625
    },
    "7": {
      "s1_em": 0.48539804066481884,
      "s2_em": 0.3533838449154764,
      "s1_cos_sim": 0.9653515625,
      "s2_cos_sim": 0.891171875
    },
    "8": {
      "s1_em": 0.47462621164923197,
      "s2_em": 0.32945979029381456,
      "s1_cos_sim": 0.9673046875,
      "s2_cos_sim": 0.8964453125
    },
    "9": {
      "s1_em": 0.5024215084307277,
      "s2_em": 0.34158766456862,
      "s1_cos_sim": 0.969765625,
      "s2_cos_sim": 0.89734375
    },
    "10": {
      "s1_em": 0.4968311802260806,
      "s2_em": 0.3399480464822253,
      "s1_cos_sim": 0.9692578125,
      "s2_cos_sim": 0.8922265625
    },
    "11": {
      "s1_em": 0.49067683268164003,
      "s2_em": 0.37836181557761867,
      "s1_cos_sim": 0.9678515625,
      "s2_cos_sim": 0.883203125
    },
    "12": {
      "s1_em": 0.48044651839033164,
      "s2_em": 0.37138696469414717,
      "s1_cos_sim": 0.963984375,
      "s2_cos_sim": 0.870703125
    },
    "13": {
      "s1_em": 0.5304836381949674,
      "s2_em": 0.42645687377481123,
      "s1_cos_sim": 0.9590234375,
      "s2_cos_sim": 0.857578125
    },
    "14": {
      "s1_em": 0.57284843344506,
      "s2_em": 0.4384207464657828,
      "s1_cos_sim": 0.955390625,
      "s2_cos_sim": 0.8492578125
    },
    "15": {
      "s1_em": 0.5859815503281769,
      "s2_em": 0.5119254295951798,
      "s1_cos_sim": 0.937109375,
      "s2_cos_sim": 0.801015625
    }
  }
}