{
  "model": "open-unlearning/unlearn_tofu_Llama-3.2-1B-Instruct_forget10_IdkNLL_lr5e-05_alpha2_epoch10",
  "metrics": {
    "rouge": 0.014748009458195554,
    "para_rouge": 0.012030345166452364,
    "jailbreak_rouge": 0.1830255943690193
  }
}