{
  "model": "open-unlearning/unlearn_tofu_Llama-3.2-1B-Instruct_forget10_AltPO_lr5e-05_beta0.1_alpha5_epoch5",
  "attack": "all",
  "attacks": {
    "loss": {
      "auc": 0.5700656249999999,
      "retain_auc": 0.38283124999999996,
      "full_auc": 0.9958281250000001,
      "s_mia": 0.6945590057045561
    },
    "zlib": {
      "auc": 0.45763125000000004,
      "retain_auc": 0.30548125000000004,
      "full_auc": 0.99625,
      "s_mia": 0.7797381540493833
    },
    "min_k": {
      "auc": 0.5677937500000001,
      "retain_auc": 0.37810625,
      "full_auc": 0.99600625,
      "s_mia": 0.6930126234018448
    },
    "min_k++": {
      "auc": 0.6408875,
      "retain_auc": 0.47179375,
      "full_auc": 0.997425,
      "s_mia": 0.6783034684486509
    }
  },
  "privacy_score": 0.7092845192570053,
  "reference_model": "open-unlearning/tofu_Llama-3.2-1B-Instruct_retain90",
  "full_model": "open-unlearning/tofu_Llama-3.2-1B-Instruct_full"
}