{
  "model": "open-unlearning/unlearn_tofu_Llama-3.2-1B-Instruct_forget10_AltPO_lr5e-05_beta0.1_alpha2_epoch10",
  "attack": "all",
  "attacks": {
    "loss": {
      "auc": 0.30966875000000005,
      "retain_auc": 0.38235312499999996,
      "full_auc": 0.99588125,
      "s_mia": 0.8815304921840381
    },
    "zlib": {
      "auc": 0.28785,
      "retain_auc": 0.304609375,
      "full_auc": 0.99625,
      "s_mia": 0.9757686659889303
    },
    "min_k": {
      "auc": 0.31180312499999996,
      "retain_auc": 0.37731562500000004,
      "full_auc": 0.996125,
      "s_mia": 0.8941313712320533
    },
    "min_k++": {
      "auc": 0.4180125,
      "retain_auc": 0.470575,
      "full_auc": 0.9974625,
      "s_mia": 0.900239614718512
    }
  },
  "privacy_score": 0.9114849997544363,
  "reference_model": "open-unlearning/tofu_Llama-3.2-1B-Instruct_retain90",
  "full_model": "open-unlearning/tofu_Llama-3.2-1B-Instruct_full"
}