{
  "open-unlearning/neg_tofu_Llama-3.2-1B-Instruct_retain90_lr1e-05_wd0.01_epoch5": {
    "metrics": {
      "em": 0.6133955030143261,
      "es": 0.06144926932833705,
      "prob": 0.2039183923928067,
      "paraprob": 0.11977393016684801,
      "truth_ratio": 0.5529589621248894,
      "rouge": 0.404917708842598,
      "para_rouge": 0.29566094105072493,
      "jailbreak_rouge": 0.38366527053765304,
      "mia_loss": 0.36050000000000004,
      "mia_zlib": 0.274459375,
      "mia_min_k": 0.35311875000000004,
      "mia_min_kpp": 0.3743125
    },
    "pool": "N",
    "n_examples": 0,
    "elapsed_sec": 88.93107008934021
  },
  "open-unlearning/neg_tofu_Llama-3.2-1B-Instruct_retain90_forget10_pert_lr1e-05_wd0.01_epoch5": {
    "metrics": {
      "em": 0.6350560206919909,
      "es": 0.06393767345294718,
      "prob": 0.2349007230391726,
      "paraprob": 0.12627757581416518,
      "truth_ratio": 0.5595287067065341,
      "rouge": 0.4133138129807049,
      "para_rouge": 0.29503248106146346,
      "jailbreak_rouge": 0.3967287979508934,
      "mia_loss": 0.43466562500000006,
      "mia_zlib": 0.347840625,
      "mia_min_k": 0.43245,
      "mia_min_kpp": 0.47441875
    },
    "pool": "N",
    "n_examples": 0,
    "elapsed_sec": 80.03896498680115
  },
  "open-unlearning/neg_tofu_Llama-3.2-1B-Instruct_retain90_celeb10_bio_lr1e-05_wd0.01_epoch5": {
    "metrics": {
      "em": 0.6136962474137545,
      "es": 0.06237811576887076,
      "prob": 0.2038833011360839,
      "paraprob": 0.11928577477578074,
      "truth_ratio": 0.5532944226227682,
      "rouge": 0.4004986586192755,
      "para_rouge": 0.29238346226298223,
      "jailbreak_rouge": 0.3819619540548864,
      "mia_loss": 0.36360312499999997,
      "mia_zlib": 0.27969374999999996,
      "mia_min_k": 0.35580312499999994,
      "mia_min_kpp": 0.38486875
    },
    "pool": "N",
    "n_examples": 0,
    "elapsed_sec": 81.2017171382904
  },
  "open-unlearning/neg_tofu_Llama-3.2-1B-Instruct_retain90_lr1e-05_wd0.01_epoch10": {
    "metrics": {
      "em": 0.6100370869785547,
      "es": 0.058895458299824205,
      "prob": 0.19536553592421113,
      "paraprob": 0.11265610126079992,
      "truth_ratio": 0.5564871011543058,
      "rouge": 0.403497847142003,
      "para_rouge": 0.2962978550500873,
      "jailbreak_rouge": 0.38384951374135995,
      "mia_loss": 0.35885625,
      "mia_zlib": 0.2758625,
      "mia_min_k": 0.35229375,
      "mia_min_kpp": 0.3749625
    },
    "pool": "N",
    "n_examples": 0,
    "elapsed_sec": 82.52499294281006
  },
  "open-unlearning/neg_tofu_Llama-3.2-1B-Instruct_retain90_forget10_pert_lr1e-05_wd0.01_epoch10": {
    "metrics": {
      "em": 0.6346668604761362,
      "es": 0.06493575410516794,
      "prob": 0.23358653240371496,
      "paraprob": 0.1219986941292882,
      "truth_ratio": 0.5657992932823488,
      "rouge": 0.4202580826487838,
      "para_rouge": 0.2965381933260773,
      "jailbreak_rouge": 0.3941666082120249,
      "mia_loss": 0.45291875000000004,
      "mia_zlib": 0.3679,
      "mia_min_k": 0.45132500000000003,
      "mia_min_kpp": 0.4896625
    },
    "pool": "N",
    "n_examples": 0,
    "elapsed_sec": 80.2780249118805
  },
  "open-unlearning/neg_tofu_Llama-3.2-1B-Instruct_retain90_celeb10_bio_lr1e-05_wd0.01_epoch10": {
    "metrics": {
      "em": 0.6094706373661757,
      "es": 0.059000500150867684,
      "prob": 0.19547383641824126,
      "paraprob": 0.11261618754127994,
      "truth_ratio": 0.5567156563074639,
      "rouge": 0.3953372721670821,
      "para_rouge": 0.2902107517230078,
      "jailbreak_rouge": 0.37748806382200717,
      "mia_loss": 0.36001875000000005,
      "mia_zlib": 0.27764374999999997,
      "mia_min_k": 0.35302500000000003,
      "mia_min_kpp": 0.37794375
    },
    "pool": "N",
    "n_examples": 0,
    "elapsed_sec": 81.17844843864441
  },
  "open-unlearning/neg_tofu_Llama-3.2-1B-Instruct_retain90_lr2e-05_wd0.01_epoch5": {
    "metrics": {
      "em": 0.5923881758749485,
      "es": 0.06006630863116287,
      "prob": 0.14700516781769693,
      "paraprob": 0.07294541859184392,
      "truth_ratio": 0.5696118096822129,
      "rouge": 0.3921815343677514,
      "para_rouge": 0.28990919575550445,
      "jailbreak_rouge": 0.37197037216420886,
      "mia_loss": 0.3796875,
      "mia_zlib": 0.3001,
      "mia_min_k": 0.37417500000000004,
      "mia_min_kpp": 0.42877499999999996
    },
    "pool": "N",
    "n_examples": 0,
    "elapsed_sec": 82.76559853553772
  },
  "open-unlearning/neg_tofu_Llama-3.2-1B-Instruct_retain90_forget10_pert_lr2e-05_wd0.01_epoch5": {
    "metrics": {
      "em": 0.667126236781478,
      "es": 0.07085363725859378,
      "prob": 0.23629453295841812,
      "paraprob": 0.08522165540140123,
      "truth_ratio": 0.5850482510847818,
      "rouge": 0.4652656974772941,
      "para_rouge": 0.286796366474003,
      "jailbreak_rouge": 0.4112818821117544,
      "mia_loss": 0.578703125,
      "mia_zlib": 0.5193625,
      "mia_min_k": 0.57671875,
      "mia_min_kpp": 0.6180687499999998
    },
    "pool": "N",
    "n_examples": 0,
    "elapsed_sec": 79.30702996253967
  },
  "open-unlearning/neg_tofu_Llama-3.2-1B-Instruct_retain90_celeb10_bio_lr2e-05_wd0.01_epoch5": {
    "metrics": {
      "em": 0.5953553060442209,
      "es": 0.05974113328574993,
      "prob": 0.15231094429735095,
      "paraprob": 0.07717210121802054,
      "truth_ratio": 0.5700935295848382,
      "rouge": 0.3882775651025152,
      "para_rouge": 0.2886675699500925,
      "jailbreak_rouge": 0.3752346701182478,
      "mia_loss": 0.37963749999999996,
      "mia_zlib": 0.29935312500000005,
      "mia_min_k": 0.37474062500000005,
      "mia_min_kpp": 0.44009374999999995
    },
    "pool": "N",
    "n_examples": 0,
    "elapsed_sec": 79.87384510040283
  },
  "open-unlearning/neg_tofu_Llama-3.2-1B-Instruct_retain90_lr2e-05_wd0.01_epoch10": {
    "metrics": {
      "em": 0.566733730174601,
      "es": 0.05492070080640987,
      "prob": 0.08150695268763229,
      "paraprob": 0.033644178661925254,
      "truth_ratio": 0.5717091135730211,
      "rouge": 0.3809919476420842,
      "para_rouge": 0.2838963548557152,
      "jailbreak_rouge": 0.367564255382634,
      "mia_loss": 0.380003125,
      "mia_zlib": 0.303615625,
      "mia_min_k": 0.37580625,
      "mia_min_kpp": 0.4570875000000001
    },
    "pool": "N",
    "n_examples": 0,
    "elapsed_sec": 85.14037752151489
  },
  "open-unlearning/neg_tofu_Llama-3.2-1B-Instruct_retain90_forget10_pert_lr2e-05_wd0.01_epoch10": {
    "metrics": {
      "em": 0.6645352736860514,
      "es": 0.06701510553391228,
      "prob": 0.1710596624785103,
      "paraprob": 0.03733718101051636,
      "truth_ratio": 0.5896509097671098,
      "rouge": 0.5003214419435615,
      "para_rouge": 0.28869772333124344,
      "jailbreak_rouge": 0.40345448942522083,
      "mia_loss": 0.616115625,
      "mia_zlib": 0.569059375,
      "mia_min_k": 0.61119375,
      "mia_min_kpp": 0.6168312499999999
    },
    "pool": "N",
    "n_examples": 0,
    "elapsed_sec": 80.19752049446106
  },
  "open-unlearning/neg_tofu_Llama-3.2-1B-Instruct_retain90_celeb10_bio_lr2e-05_wd0.01_epoch10": {
    "metrics": {
      "em": 0.5717855774611235,
      "es": 0.05523627352658164,
      "prob": 0.08229894342599436,
      "paraprob": 0.034859353318752256,
      "truth_ratio": 0.5734592189521278,
      "rouge": 0.38053841820292506,
      "para_rouge": 0.2822239052313133,
      "jailbreak_rouge": 0.36717761490409734,
      "mia_loss": 0.3754375,
      "mia_zlib": 0.302684375,
      "mia_min_k": 0.372434375,
      "mia_min_kpp": 0.457275
    },
    "pool": "N",
    "n_examples": 0,
    "elapsed_sec": 81.5696349143982
  },
  "open-unlearning/neg_tofu_Llama-3.2-1B-Instruct_retain90_lr3e-05_wd0.01_epoch5": {
    "metrics": {
      "em": 0.5888588528335095,
      "es": 0.05942191490632026,
      "prob": 0.11184746869141236,
      "paraprob": 0.04749988637166098,
      "truth_ratio": 0.5663965379907654,
      "rouge": 0.38869094891824046,
      "para_rouge": 0.28480824067248833,