{
  "model": "open-unlearning/unlearn_tofu_Llama-3.2-1B-Instruct_forget10_SimNPO_lr1e-05_b4.5_a1_d1_g0.125_ep5",
  "metrics": {
    "rouge": 0.6118462763530416,
    "para_rouge": 0.32222325661401396,
    "jailbreak_rouge": 0.5065900891502843
  }
}