{
  "model": "open-unlearning/unlearn_tofu_Llama-3.2-1B-Instruct_forget10_AltPO_lr2e-05_beta0.1_alpha2_epoch5",
  "attack": "all",
  "attacks": {
    "loss": {
      "auc": 0.92990625,
      "retain_auc": 0.38283124999999996,
      "full_auc": 0.9958281250000001,
      "s_mia": 0.10754031168592826
    },
    "zlib": {
      "auc": 0.832209375,
      "retain_auc": 0.30548125000000004,
      "full_auc": 0.99625,
      "s_mia": 0.23747545759706123
    },
    "min_k": {
      "auc": 0.9245812499999999,
      "retain_auc": 0.37810625,
      "full_auc": 0.99600625,
      "s_mia": 0.11559313804822802
    },
    "min_k++": {
      "auc": 0.9199437500000001,
      "retain_auc": 0.47179375,
      "full_auc": 0.997425,
      "s_mia": 0.14740609505237745
    }
  },
  "privacy_score": 0.13819401962999828,
  "reference_model": "open-unlearning/tofu_Llama-3.2-1B-Instruct_retain90",
  "full_model": "open-unlearning/tofu_Llama-3.2-1B-Instruct_full"
}