{
  "model": "open-unlearning/unlearn_tofu_Llama-3.2-1B-Instruct_forget10_IdkDPO_lr1e-05_beta0.1_alpha2_epoch10",
  "num_examples": 400,
  "avg_em": 0.8496145187318325,
  "avg_es": 0.26507921963691133,
  "avg_prob": 0.5740955477207899,
  "avg_paraprob": 0.08835277024423703,
  "avg_truth_ratio": 0.6670700484779927,
  "avg_mem": 0.3302831868958156,
  "missing_paraphrase": false,
  "missing_wrong": false
}