{
  "model": "open-unlearning/unlearn_tofu_Llama-3.2-1B-Instruct_forget10_UNDIAL_lr0.0003_beta10_alpha2_epoch5",
  "attack": "all",
  "attacks": {
    "loss": {
      "auc": 0.679784375,
      "retain_auc": 0.38283124999999996,
      "full_auc": 0.9958281250000001,
      "s_mia": 0.5155715516494273
    },
    "zlib": {
      "auc": 0.5305624999999999,
      "retain_auc": 0.30548125000000004,
      "full_auc": 0.99625,
      "s_mia": 0.674158319987695
    },
    "min_k": {
      "auc": 0.8183,
      "retain_auc": 0.37810625,
      "full_auc": 0.99600625,
      "s_mia": 0.28759710309111497
    },
    "min_k++": {
      "auc": 0.82895,
      "retain_auc": 0.47179375,
      "full_auc": 0.997425,
      "s_mia": 0.3205193755127764
    }
  },
  "privacy_score": 0.39920363802065884,
  "reference_model": "open-unlearning/tofu_Llama-3.2-1B-Instruct_retain90",
  "full_model": "open-unlearning/tofu_Llama-3.2-1B-Instruct_full"
}