{
  "model": "open-unlearning/unlearn_tofu_Llama-3.2-1B-Instruct_forget10_GradDiff_lr2e-05_alpha2_epoch5",
  "attack": "all",
  "attacks": {
    "loss": {
      "auc": 0.0007468749999999855,
      "retain_auc": 0.38283124999999996,
      "full_auc": 0.9958281250000001,
      "s_mia": 0.3766944162643572
    },
    "zlib": {
      "auc": 4.9999999999999216e-05,
      "retain_auc": 0.30548125000000004,
      "full_auc": 0.99625,
      "s_mia": 0.5578386399211023
    },
    "min_k": {
      "auc": 0.0002687499999999951,
      "retain_auc": 0.37810625,
      "full_auc": 0.99600625,
      "s_mia": 0.3885135135135135
    },
    "min_k++": {
      "auc": 0.002218749999999986,
      "retain_auc": 0.47179375,
      "full_auc": 0.997425,
      "s_mia": 0.10664558090866927
    }
  },
  "privacy_score": 0.24393112451210347,
  "reference_model": "open-unlearning/tofu_Llama-3.2-1B-Instruct_retain90",
  "full_model": "open-unlearning/tofu_Llama-3.2-1B-Instruct_full"
}