{
  "model": "open-unlearning/unlearn_tofu_Llama-3.2-1B-Instruct_forget10_UNDIAL_lr0.0003_beta10_alpha5_epoch10",
  "num_examples": 400,
  "avg_em": 0.47317327111959456,
  "avg_es": 0.05052979659428331,
  "avg_prob": 0.14151010531466454,
  "avg_paraprob": 0.07386690043145791,
  "avg_truth_ratio": 0.6405937230984918,
  "avg_mem": 0.5870696857725463,
  "missing_paraphrase": false,
  "missing_wrong": false
}