{
  "model": "open-unlearning/unlearn_tofu_Llama-3.2-1B-Instruct_forget10_SimNPO_lr5e-05_b4.5_a1_d1_g0.125_ep10",
  "attack": "all",
  "attacks": {
    "loss": {
      "auc": 0.5263625,
      "retain_auc": 0.38235312499999996,
      "full_auc": 0.99588125,
      "s_mia": 0.7652766529651759
    },
    "zlib": {
      "auc": 0.40587187499999994,
      "retain_auc": 0.304609375,
      "full_auc": 0.99625,
      "s_mia": 0.8535908731503447
    },
    "min_k": {
      "auc": 0.49497500000000005,
      "retain_auc": 0.37731562500000004,
      "full_auc": 0.996125,
      "s_mia": 0.8098616799398037
    },
    "min_k++": {
      "auc": 0.37248125,
      "retain_auc": 0.470575,
      "full_auc": 0.9974625,
      "s_mia": 0.8138241085620743
    }
  },
  "privacy_score": 0.8094243025560904,
  "reference_model": "open-unlearning/tofu_Llama-3.2-1B-Instruct_retain90",
  "full_model": "open-unlearning/tofu_Llama-3.2-1B-Instruct_full"
}