{
  "model": "open-unlearning/unlearn_tofu_Llama-3.2-1B-Instruct_forget10_GradDiff_lr2e-05_alpha2_epoch10",
  "metrics": {
    "rouge": 0.002260869565217391,
    "para_rouge": 0.0016911764705882354,
    "jailbreak_rouge": 0.006843249427917621
  }
}