{
  "model": "open-unlearning/unlearn_tofu_Llama-3.2-1B-Instruct_forget10_NPO_lr2e-05_beta0.1_alpha2_epoch10",
  "num_examples": 400,
  "avg_em": 0.6317818899452686,
  "avg_es": 0.08489949461747366,
  "avg_prob": 0.10123746743222001,
  "avg_paraprob": 0.026008037634019276,
  "avg_truth_ratio": 0.5931934077594873,
  "avg_mem": 0.5484387301285021,
  "missing_paraphrase": false,
  "missing_wrong": false
}