{
  "model": "open-unlearning/unlearn_tofu_Llama-3.2-1B-Instruct_forget10_RMU_lr2e-05_layer10_scoeff10_epoch10",
  "metrics": {
    "rouge": 0.2905623367464959,
    "para_rouge": 0.2329433050864489,
    "jailbreak_rouge": 0.2754208404210769
  }
}