{
  "model": "open-unlearning/unlearn_tofu_Llama-3.2-1B-Instruct_forget10_GradDiff_lr2e-05_alpha1_epoch5",
  "attack": "all",
  "attacks": {
    "loss": {
      "auc": 0.11767500000000002,
      "retain_auc": 0.38283124999999996,
      "full_auc": 0.9958281250000001,
      "s_mia": 0.30738086297813993
    },
    "zlib": {
      "auc": 0.071896875,
      "retain_auc": 0.30548125000000004,
      "full_auc": 0.99625,
      "s_mia": 0.23535609796018575
    },
    "min_k": {
      "auc": 0.09510937500000001,
      "retain_auc": 0.37810625,
      "full_auc": 0.99600625,
      "s_mia": 0.2515413987470453
    },
    "min_k++": {
      "auc": 0.25002500000000005,
      "retain_auc": 0.47179375,
      "full_auc": 0.997425,
      "s_mia": 0.5299455535390201
    }
  },
  "privacy_score": 0.29929705318134936,
  "reference_model": "open-unlearning/tofu_Llama-3.2-1B-Instruct_retain90",
  "full_model": "open-unlearning/tofu_Llama-3.2-1B-Instruct_full"
}