{
  "model": "open-unlearning/unlearn_tofu_Llama-3.2-1B-Instruct_forget10_IdkDPO_lr2e-05_beta0.1_alpha5_epoch10",
  "num_examples": 400,
  "avg_em": 0.8175436095893382,
  "avg_es": 0.19931267827743518,
  "avg_prob": 0.45571142580360174,
  "avg_paraprob": 0.07378078944282607,
  "avg_truth_ratio": 0.6594873050190112,
  "avg_mem": 0.3722282445078097,
  "missing_paraphrase": false,
  "missing_wrong": false
}