{
  "model": "open-unlearning/unlearn_tofu_Llama-3.2-1B-Instruct_forget10_IdkNLL_lr5e-05_alpha5_epoch5",
  "metrics": {
    "rouge": 0.026149552060407418,
    "para_rouge": 0.015529783677012108,
    "jailbreak_rouge": 0.2490952807308368
  }
}