{
  "model": "open-unlearning/unlearn_tofu_Llama-3.2-1B-Instruct_forget10_SimNPO_lr2e-05_b3.5_a1_d1_g0.25_ep5",
  "metrics": {
    "retain_Q_A_Prob": 0.8549823505431413,
    "retain_Q_A_ROUGE": 0.7381508406431614,
    "retain_Truth_Ratio": 0.5179497706172159,
    "ra_Q_A_Prob": 0.41453812095493237,
    "ra_Q_A_ROUGE": 0.8095,
    "ra_Truth_Ratio": 0.5324501594043823,
    "wf_Q_A_Prob": 0.4267075720984861,
    "wf_Q_A_ROUGE": 0.8307692307692308,
    "wf_Truth_Ratio": 0.6062595804259443
  },
  "model_utility": 0.5929833478899547,
  "fluency": 0.8509878223156556,
  "utility": 0.6989358490020409,
  "fluency_model": "madhurjindal/autonlp-Gibberish-Detector-492513457"
}