{
  "model": "open-unlearning/unlearn_tofu_Llama-3.2-1B-Instruct_forget10_AltPO_lr1e-05_beta0.1_alpha1_epoch10",
  "metrics": {
    "rouge": 0.41159389396996615,
    "para_rouge": 0.2826450802305612,
    "jailbreak_rouge": 0.3815309340519684
  }
}