{
  "model": "open-unlearning/unlearn_tofu_Llama-3.2-1B-Instruct_forget10_AltPO_lr2e-05_beta0.1_alpha1_epoch5",
  "num_examples": 400,
  "avg_em": 0.7768977384269238,
  "avg_es": 0.13003024099977398,
  "avg_prob": 0.4212376303970814,
  "avg_paraprob": 0.10721778428647667,
  "avg_truth_ratio": 0.6045502297733458,
  "avg_mem": 0.43100778140661467,
  "missing_paraphrase": false,
  "missing_wrong": false
}