{
  "model": "open-unlearning/unlearn_tofu_Llama-3.2-1B-Instruct_forget10_UNDIAL_lr0.0001_beta10_alpha1_epoch5",
  "metrics": {
    "rouge": 0.3301770512837435,
    "para_rouge": 0.2560686799564199,
    "jailbreak_rouge": 0.32316039169600785
  }
}