{
  "model": "open-unlearning/unlearn_tofu_Llama-3.2-1B-Instruct_forget10_NPO_lr5e-05_beta0.1_alpha2_epoch5",
  "attack": "all",
  "attacks": {
    "loss": {
      "auc": 0.152384375,
      "retain_auc": 0.38283124999999996,
      "full_auc": 0.9958281250000001,
      "s_mia": 0.3980458100011428
    },
    "zlib": {
      "auc": 0.18323125,
      "retain_auc": 0.30548125000000004,
      "full_auc": 0.99625,
      "s_mia": 0.5998117724082901
    },
    "min_k": {
      "auc": 0.14943749999999997,
      "retain_auc": 0.37810625,
      "full_auc": 0.99600625,
      "s_mia": 0.3952262095641106
    },
    "min_k++": {
      "auc": 0.25363125000000003,
      "retain_auc": 0.47179375,
      "full_auc": 0.997425,
      "s_mia": 0.5375892537787964
    }
  },
  "privacy_score": 0.4667544713097058,
  "reference_model": "open-unlearning/tofu_Llama-3.2-1B-Instruct_retain90",
  "full_model": "open-unlearning/tofu_Llama-3.2-1B-Instruct_full"
}