{
  "model": "open-unlearning/unlearn_tofu_Llama-3.2-1B-Instruct_forget10_SimNPO_lr2e-05_b3.5_a1_d1_g0.25_ep5",
  "num_examples": 400,
  "avg_em": 0.7490333044528961,
  "avg_es": 0.13143661429585848,
  "avg_prob": 0.14840630874503405,
  "avg_paraprob": 0.026034335634176387,
  "avg_truth_ratio": 0.6464645840936609,
  "avg_mem": 0.4448784446854629,
  "missing_paraphrase": false,
  "missing_wrong": false
}