{
  "model": "open-unlearning/unlearn_tofu_Llama-3.2-1B-Instruct_forget10_UNDIAL_lr0.0003_beta10_alpha1_epoch5",
  "metrics": {
    "rouge": 0.3057832465585324,
    "para_rouge": 0.23801834238221822,
    "jailbreak_rouge": 0.3114976733560628
  }
}