{
  "model": "open-unlearning/unlearn_tofu_Llama-3.2-1B-Instruct_forget10_UNDIAL_lr0.0003_beta10_alpha1_epoch5",
  "attack": "all",
  "attacks": {
    "loss": {
      "auc": 0.6231875,
      "retain_auc": 0.38283124999999996,
      "full_auc": 0.9958281250000001,
      "s_mia": 0.6078997140075143
    },
    "zlib": {
      "auc": 0.46865624999999994,
      "retain_auc": 0.30548125000000004,
      "full_auc": 0.99625,
      "s_mia": 0.763777675235019
    },
    "min_k": {
      "auc": 0.8205218750000001,
      "retain_auc": 0.37810625,
      "full_auc": 0.99600625,
      "s_mia": 0.28400125424826006
    },
    "min_k++": {
      "auc": 0.70605625,
      "retain_auc": 0.47179375,
      "full_auc": 0.997425,
      "s_mia": 0.5543215895173659
    }
  },
  "privacy_score": 0.48312633784517034,
  "reference_model": "open-unlearning/tofu_Llama-3.2-1B-Instruct_retain90",
  "full_model": "open-unlearning/tofu_Llama-3.2-1B-Instruct_full"
}