{
  "model": "open-unlearning/unlearn_tofu_Llama-3.2-1B-Instruct_forget10_RMU_lr1e-05_layer10_scoeff10_epoch10",
  "metrics": {
    "rouge": 0.7013573883952526,
    "para_rouge": 0.3412596984434492,
    "jailbreak_rouge": 0.5421490615446314
  }
}