{
  "model": "open-unlearning/unlearn_tofu_Llama-3.2-1B-Instruct_forget10_GradDiff_lr1e-05_alpha2_epoch10",
  "metrics": {
    "rouge": 0.43033091551575026,
    "para_rouge": 0.2770986769904142,
    "jailbreak_rouge": 0.38898212884842875
  }
}