{
  "model": "open-unlearning/unlearn_tofu_Llama-3.2-1B-Instruct_forget10_AltPO_lr5e-05_beta0.1_alpha1_epoch10",
  "metrics": {
    "rouge": 0.3378776680536707,
    "para_rouge": 0.2633483148198451,
    "jailbreak_rouge": 0.31096737283942266
  }
}