{
  "model": "open-unlearning/unlearn_tofu_Llama-3.2-1B-Instruct_forget10_RMU_lr5e-05_layer5_scoeff10_epoch5",
  "attack": "all",
  "attacks": {
    "loss": {
      "auc": 0.005118749999999959,
      "retain_auc": 0.38283124999999996,
      "full_auc": 0.9958281250000001,
      "s_mia": 0.38382638573810035
    },
    "zlib": {
      "auc": 0.0026562499999999573,
      "retain_auc": 0.30548125000000004,
      "full_auc": 0.99625,
      "s_mia": 0.5616116102530694
    },
    "min_k": {
      "auc": 0.007253124999999974,
      "retain_auc": 0.37810625,
      "full_auc": 0.99600625,
      "s_mia": 0.3998169202136268
    },
    "min_k++": {
      "auc": 0.5329499999999999,
      "retain_auc": 0.47179375,
      "full_auc": 0.997425,
      "s_mia": 0.8836517996218833
    }
  },
  "privacy_score": 0.4988310634486885,
  "reference_model": "open-unlearning/tofu_Llama-3.2-1B-Instruct_retain90",
  "full_model": "open-unlearning/tofu_Llama-3.2-1B-Instruct_full"
}