{
  "model": "open-unlearning/unlearn_tofu_Llama-3.2-1B-Instruct_forget10_IdkDPO_lr1e-05_beta0.1_alpha1_epoch5",
  "metrics": {
    "rouge": 0.07706470062057896,
    "para_rouge": 0.05006469786898833,
    "jailbreak_rouge": 0.21015871900787786
  }
}