{
  "model": "open-unlearning/unlearn_tofu_Llama-3.2-1B-Instruct_forget10_GradDiff_lr5e-05_alpha2_epoch5",
  "attack": "all",
  "attacks": {
    "loss": {
      "auc": 0.01565625,
      "retain_auc": 0.38283124999999996,
      "full_auc": 0.9958281250000001,
      "s_mia": 0.04089595611643504
    },
    "zlib": {
      "auc": 0.023674999999999998,
      "retain_auc": 0.30548125000000004,
      "full_auc": 0.99625,
      "s_mia": 0.0775006649344272
    },
    "min_k": {
      "auc": 0.014790625000000002,
      "retain_auc": 0.37810625,
      "full_auc": 0.99600625,
      "s_mia": 0.03911764219713376
    },
    "min_k++": {
      "auc": 0.005543750000000002,
      "retain_auc": 0.47179375,
      "full_auc": 0.997425,
      "s_mia": 0.01175036761296655
    }
  },
  "privacy_score": 0.02702281952686163,
  "reference_model": "open-unlearning/tofu_Llama-3.2-1B-Instruct_retain90",
  "full_model": "open-unlearning/tofu_Llama-3.2-1B-Instruct_full"
}