{
  "model": "open-unlearning/unlearn_tofu_Llama-3.2-1B-Instruct_forget10_SimNPO_lr1e-05_b3.5_a1_d1_g0.25_ep5",
  "num_examples": 400,
  "avg_em": 0.8656331911683083,
  "avg_es": 0.2584111945851911,
  "avg_prob": 0.526558154206723,
  "avg_paraprob": 0.04855330473073991,
  "avg_truth_ratio": 0.6796716581424422,
  "avg_mem": 0.3085563091977715,
  "missing_paraphrase": false,
  "missing_wrong": false
}