{
  "model": "open-unlearning/unlearn_tofu_Llama-3.2-1B-Instruct_forget10_NPO_lr2e-05_beta0.1_alpha2_epoch5",
  "attack": "all",
  "attacks": {
    "loss": {
      "auc": 0.464390625,
      "retain_auc": 0.38283124999999996,
      "full_auc": 0.9958281250000001,
      "s_mia": 0.786957373516399
    },
    "zlib": {
      "auc": 0.402296875,
      "retain_auc": 0.30548125000000004,
      "full_auc": 0.99625,
      "s_mia": 0.6830717924586207
    },
    "min_k": {
      "auc": 0.44972187499999994,
      "retain_auc": 0.37810625,
      "full_auc": 0.99600625,
      "s_mia": 0.8105939137477892
    },
    "min_k++": {
      "auc": 0.39851875,
      "retain_auc": 0.47179375,
      "full_auc": 0.997425,
      "s_mia": 0.8446884894087723
    }
  },
  "privacy_score": 0.7763638283357269,
  "reference_model": "open-unlearning/tofu_Llama-3.2-1B-Instruct_retain90",
  "full_model": "open-unlearning/tofu_Llama-3.2-1B-Instruct_full"
}