{
  "model": "open-unlearning/unlearn_tofu_Llama-3.2-1B-Instruct_forget10_IdkDPO_lr2e-05_beta0.1_alpha1_epoch5",
  "num_examples": 400,
  "avg_em": 0.7299178848415613,
  "avg_es": 0.1365332555049425,
  "avg_prob": 0.2664267777348869,
  "avg_paraprob": 0.05776389359962195,
  "avg_truth_ratio": 0.6350362132690082,
  "avg_mem": 0.461786965703223,
  "missing_paraphrase": false,
  "missing_wrong": false
}