{
  "model": "open-unlearning/unlearn_tofu_Llama-3.2-1B-Instruct_forget10_IdkDPO_lr1e-05_beta0.1_alpha2_epoch5",
  "attack": "all",
  "attacks": {
    "loss": {
      "auc": 0.9853375,
      "retain_auc": 0.38283124999999996,
      "full_auc": 0.9958281250000001,
      "s_mia": 0.017113667993821524
    },
    "zlib": {
      "auc": 0.9783937500000001,
      "retain_auc": 0.30548125000000004,
      "full_auc": 0.99625,
      "s_mia": 0.025849823113740844
    },
    "min_k": {
      "auc": 0.98613125,
      "retain_auc": 0.37810625,
      "full_auc": 0.99600625,
      "s_mia": 0.015981550412688117
    },
    "min_k++": {
      "auc": 0.9487937499999999,
      "retain_auc": 0.47179375,
      "full_auc": 0.997425,
      "s_mia": 0.0925197084457976
    }
  },
  "privacy_score": 0.023460620949876262,
  "reference_model": "open-unlearning/tofu_Llama-3.2-1B-Instruct_retain90",
  "full_model": "open-unlearning/tofu_Llama-3.2-1B-Instruct_full"
}