{
  "open-unlearning/neg_tofu_Llama-3.2-1B-Instruct_retain90_lr1e-05_wd0.01_epoch5": {
    "metrics": {
      "uds": 0.7756263269711757
    },
    "pool": "N",
    "n_examples": 361,
    "elapsed_sec": 37.496352195739746
  },
  "open-unlearning/neg_tofu_Llama-3.2-1B-Instruct_retain90_forget10_pert_lr1e-05_wd0.01_epoch5": {
    "metrics": {
      "uds": 0.7340067527459464
    },
    "pool": "N",
    "n_examples": 361,
    "elapsed_sec": 60.055317401885986
  },
  "open-unlearning/neg_tofu_Llama-3.2-1B-Instruct_retain90_celeb10_bio_lr1e-05_wd0.01_epoch5": {
    "metrics": {
      "uds": 0.781024448279866
    },
    "pool": "N",
    "n_examples": 361,
    "elapsed_sec": 55.73732328414917
  },
  "open-unlearning/neg_tofu_Llama-3.2-1B-Instruct_retain90_lr1e-05_wd0.01_epoch10": {
    "metrics": {
      "uds": 0.7813431311864074
    },
    "pool": "N",
    "n_examples": 361,
    "elapsed_sec": 53.10544490814209
  },
  "open-unlearning/neg_tofu_Llama-3.2-1B-Instruct_retain90_forget10_pert_lr1e-05_wd0.01_epoch10": {
    "metrics": {
      "uds": 0.7350502748711398
    },
    "pool": "N",
    "n_examples": 361,
    "elapsed_sec": 51.438156843185425
  },
  "open-unlearning/neg_tofu_Llama-3.2-1B-Instruct_retain90_celeb10_bio_lr1e-05_wd0.01_epoch10": {
    "metrics": {
      "uds": 0.7854947735399472
    },
    "pool": "N",
    "n_examples": 361,
    "elapsed_sec": 48.965577125549316
  },
  "open-unlearning/neg_tofu_Llama-3.2-1B-Instruct_retain90_lr2e-05_wd0.01_epoch5": {
    "metrics": {
      "uds": 0.8812866966579902
    },
    "pool": "N",
    "n_examples": 361,
    "elapsed_sec": 48.7272891998291
  },
  "open-unlearning/neg_tofu_Llama-3.2-1B-Instruct_retain90_forget10_pert_lr2e-05_wd0.01_epoch5": {
    "metrics": {
      "uds": 0.749087174728359
    },
    "pool": "N",
    "n_examples": 361,
    "elapsed_sec": 48.70261764526367
  },
  "open-unlearning/neg_tofu_Llama-3.2-1B-Instruct_retain90_celeb10_bio_lr2e-05_wd0.01_epoch5": {
    "metrics": {
      "uds": 0.874989464566481
    },
    "pool": "N",
    "n_examples": 361,
    "elapsed_sec": 46.36046743392944
  },
  "open-unlearning/neg_tofu_Llama-3.2-1B-Instruct_retain90_lr2e-05_wd0.01_epoch10": {
    "metrics": {
      "uds": 0.9209352137791637
    },
    "pool": "N",
    "n_examples": 361,
    "elapsed_sec": 64.24997353553772
  },
  "open-unlearning/neg_tofu_Llama-3.2-1B-Instruct_retain90_forget10_pert_lr2e-05_wd0.01_epoch10": {
    "metrics": {
      "uds": 0.7972264086399143
    },
    "pool": "N",
    "n_examples": 361,
    "elapsed_sec": 48.102514028549194
  },
  "open-unlearning/neg_tofu_Llama-3.2-1B-Instruct_retain90_celeb10_bio_lr2e-05_wd0.01_epoch10": {
    "metrics": {
      "uds": 0.9138067162044752
    },
    "pool": "N",
    "n_examples": 361,
    "elapsed_sec": 45.98594284057617
  },
  "open-unlearning/neg_tofu_Llama-3.2-1B-Instruct_retain90_lr3e-05_wd0.01_epoch5": {
    "metrics": {
      "uds": 0.9344930125271627
    },
    "pool": "N",
    "n_examples": 361,
    "elapsed_sec": 45.88468265533447
  },
  "open-unlearning/neg_tofu_Llama-3.2-1B-Instruct_retain90_forget10_pert_lr3e-05_wd0.01_epoch5": {
    "metrics": {
      "uds": 0.807450544589095
    },
    "pool": "N",
    "n_examples": 361,
    "elapsed_sec": 45.68391704559326
  },
  "open-unlearning/neg_tofu_Llama-3.2-1B-Instruct_retain90_celeb10_bio_lr3e-05_wd0.01_epoch5": {
    "metrics": {
      "uds": 0.9222773215551527
    },
    "pool": "N",
    "n_examples": 361,
    "elapsed_sec": 44.904818296432495
  },
  "open-unlearning/neg_tofu_Llama-3.2-1B-Instruct_retain90_lr3e-05_wd0.01_epoch10": {
    "metrics": {
      "uds": 0.9266201887237552
    },
    "pool": "N",
    "n_examples": 361,
    "elapsed_sec": 48.57918620109558
  },
  "open-unlearning/neg_tofu_Llama-3.2-1B-Instruct_retain90_forget10_pert_lr3e-05_wd0.01_epoch10": {
    "metrics": {
      "uds": 0.8336206420720972
    },
    "pool": "N",
    "n_examples": 361,
    "elapsed_sec": 44.29819893836975
  },
  "open-unlearning/neg_tofu_Llama-3.2-1B-Instruct_retain90_celeb10_bio_lr3e-05_wd0.01_epoch10": {
    "metrics": {
      "uds": 0.9408673671485979
    },
    "pool": "N",
    "n_examples": 361,
    "elapsed_sec": 43.24198794364929
  },
  "open-unlearning/neg_tofu_Llama-3.2-1B-Instruct_retain90_lr4e-05_wd0.01_epoch5": {
    "metrics": {
      "uds": 0.8967177389139961
    },
    "pool": "N",
    "n_examples": 361,
    "elapsed_sec": 42.059972524642944
  },
  "open-unlearning/neg_tofu_Llama-3.2-1B-Instruct_retain90_forget10_pert_lr4e-05_wd0.01_epoch5": {
    "metrics": {
      "uds": 0.8244473052972684
    },
    "pool": "N",
    "n_examples": 361,
    "elapsed_sec": 43.22224140167236
  },
  "open-unlearning/neg_tofu_Llama-3.2-1B-Instruct_retain90_celeb10_bio_lr4e-05_wd0.01_epoch5": {
    "metrics": {
      "uds": 0.9040635559706086
    },
    "pool": "N",
    "n_examples": 361,
    "elapsed_sec": 45.14517140388489
  },
  "open-unlearning/neg_tofu_Llama-3.2-1B-Instruct_retain90_lr4e-05_wd0.01_epoch10": {
    "metrics": {
      "uds": 0.9077464544747211
    },
    "pool": "N",
    "n_examples": 361,
    "elapsed_sec": 53.827292680740356
  },
  "open-unlearning/neg_tofu_Llama-3.2-1B-Instruct_retain90_forget10_pert_lr4e-05_wd0.01_epoch10": {
    "metrics": {
      "uds": 0.8290886373580417
    },
    "pool": "N",
    "n_examples": 361,
    "elapsed_sec": 55.68960452079773
  },
  "open-unlearning/neg_tofu_Llama-3.2-1B-Instruct_retain90_celeb10_bio_lr4e-05_wd0.01_epoch10": {
    "metrics": {
      "uds": 0.9076569459269774
    },
    "pool": "N",
    "n_examples": 361,
    "elapsed_sec": 58.73457217216492
  },
  "open-unlearning/neg_tofu_Llama-3.2-1B-Instruct_retain90_lr5e-05_wd0.01_epoch5": {
    "metrics": {
      "uds": 0.8769016637500734
    },
    "pool": "N",
    "n_examples": 361,
    "elapsed_sec": 58.85023593902588
  },
  "open-unlearning/neg_tofu_Llama-3.2-1B-Instruct_retain90_forget10_pert_lr5e-05_wd0.01_epoch5": {
    "metrics": {
      "uds": 0.8156823345474303
    },
    "pool": "N",
    "n_examples": 361,
    "elapsed_sec": 56.042598485946655
  },
  "open-unlearning/neg_tofu_Llama-3.2-1B-Instruct_retain90_celeb10_bio_lr5e-05_wd0.01_epoch5": {
    "metrics": {
      "uds": 0.8839288418158694
    },
    "pool": "N",
    "n_examples": 361,
    "elapsed_sec": 56.81128144264221
  },
  "open-unlearning/neg_tofu_Llama-3.2-1B-Instruct_retain90_lr5e-05_wd0.01_epoch10": {
    "metrics": {
      "uds": 0.8888220659228995
    },
    "pool": "N",
    "n_examples": 361,
    "elapsed_sec": 52.3601188659668
  },
  "open-unlearning/neg_tofu_Llama-3.2-1B-Instruct_retain90_forget10_pert_lr5e-05_wd0.01_epoch10": {
    "metrics": {
      "uds": 0.8371291332933195
    },
    "pool": "N",
    "n_examples": 361,
    "elapsed_sec": 49.50797700881958
  },
  "open-unlearning/neg_tofu_Llama-3.2-1B-Instruct_retain90_celeb10_bio_lr5e-05_wd0.01_epoch10": {
    "metrics": {
      "uds": 0.89392707004984
    },
    "pool": "N",
    "n_examples": 361,
    "elapsed_sec": 50.99694490432739
  }
}