{
  "model": "open-unlearning/unlearn_tofu_Llama-3.2-1B-Instruct_forget10_NPO_lr2e-05_beta0.1_alpha1_epoch10",
  "metrics": {
    "retain_Q_A_Prob": 0.7952946645766497,
    "retain_Q_A_ROUGE": 0.6300168852312104,
    "retain_Truth_Ratio": 0.5123344506565002,
    "ra_Q_A_Prob": 0.3919517404445269,
    "ra_Q_A_ROUGE": 0.7945,
    "ra_Truth_Ratio": 0.5277158868240948,
    "wf_Q_A_Prob": 0.39004408450816647,
    "wf_Q_A_ROUGE": 0.8421652421652421,
    "wf_Truth_Ratio": 0.5543601510483942
  },
  "model_utility": 0.5605185289103235,
  "fluency": 0.930275169890374,
  "utility": 0.6995420897325045,
  "fluency_model": "madhurjindal/autonlp-Gibberish-Detector-492513457"
}