{
  "model": "open-unlearning/unlearn_tofu_Llama-3.2-1B-Instruct_forget10_NPO_lr2e-05_beta0.1_alpha2_epoch5",
  "num_examples": 400,
  "avg_em": 0.6443701124936342,
  "avg_es": 0.1067279689391291,
  "avg_prob": 0.11370721454091835,
  "avg_paraprob": 0.0304657116526505,
  "avg_truth_ratio": 0.5892767917690206,
  "avg_mem": 0.5407199496645038,
  "missing_paraphrase": false,
  "missing_wrong": false
}