{
  "model": "open-unlearning/unlearn_tofu_Llama-3.2-1B-Instruct_forget10_IdkDPO_lr2e-05_beta0.1_alpha5_epoch5",
  "num_examples": 400,
  "avg_em": 0.8298489063978195,
  "avg_es": 0.23594771094055147,
  "avg_prob": 0.48809947945177556,
  "avg_paraprob": 0.07724494043621234,
  "avg_truth_ratio": 0.6617836617410262,
  "avg_mem": 0.35630493520557727,
  "missing_paraphrase": false,
  "missing_wrong": false
}