{
  "model": "open-unlearning/tofu_Llama-3.2-1B-Instruct_full",
  "num_examples": 400,
  "avg_em": 0.9691063630580902,
  "avg_es": 0.6900527901123488,
  "avg_prob": 0.8657943397760391,
  "avg_paraprob": 0.10477530437987298,
  "avg_truth_ratio": 0.6821210020752126,
  "avg_mem": 0.10035533285812083,
  "missing_paraphrase": false,
  "missing_wrong": false
}