{
  "model": "open-unlearning/unlearn_tofu_Llama-3.2-1B-Instruct_forget10_NPO_lr1e-05_beta0.1_alpha2_epoch10",
  "num_examples": 400,
  "avg_em": 0.6772395617514849,
  "avg_es": 0.0968613832927676,
  "avg_prob": 0.2669260175479576,
  "avg_paraprob": 0.06350271872943267,
  "avg_truth_ratio": 0.6195997081806478,
  "avg_mem": 0.5061919030962347,
  "missing_paraphrase": false,
  "missing_wrong": false
}