{
  "model": "open-unlearning/unlearn_tofu_Llama-3.2-1B-Instruct_forget10_IdkNLL_lr1e-05_alpha2_epoch10",
  "metrics": {
    "retain_Q_A_Prob": 0.8440352065861225,
    "retain_Q_A_ROUGE": 0.5682038259193682,
    "retain_Truth_Ratio": 0.5160481288730311,
    "ra_Q_A_Prob": 0.40137115454363914,
    "ra_Q_A_ROUGE": 0.7170000000000001,
    "ra_Truth_Ratio": 0.5115657508293407,
    "wf_Q_A_Prob": 0.42101813591959963,
    "wf_Q_A_ROUGE": 0.8193732193732194,
    "wf_Truth_Ratio": 0.5710980813564367
  },
  "model_utility": 0.5600457644541426,
  "fluency": 0.9445794938318431,
  "utility": 0.7031754143409626,
  "fluency_model": "madhurjindal/autonlp-Gibberish-Detector-492513457"
}