{
  "model": "open-unlearning/unlearn_tofu_Llama-3.2-1B-Instruct_forget10_RMU_lr2e-05_layer10_scoeff10_epoch10",
  "attack": "all",
  "attacks": {
    "loss": {
      "auc": 0.7564031250000001,
      "retain_auc": 0.38235312499999996,
      "full_auc": 0.99588125,
      "s_mia": 0.39032949793458926
    },
    "zlib": {
      "auc": 0.6701312500000001,
      "retain_auc": 0.304609375,
      "full_auc": 0.99625,
      "s_mia": 0.471514740765842
    },
    "min_k": {
      "auc": 0.803196875,
      "retain_auc": 0.37731562500000004,
      "full_auc": 0.996125,
      "s_mia": 0.3117731126811064
    },
    "min_k++": {
      "auc": 0.7989187499999999,
      "retain_auc": 0.470575,
      "full_auc": 0.9974625,
      "s_mia": 0.3768238001470904
    }
  },
  "privacy_score": 0.3793632676268843,
  "reference_model": "open-unlearning/tofu_Llama-3.2-1B-Instruct_retain90",
  "full_model": "open-unlearning/tofu_Llama-3.2-1B-Instruct_full"
}