{
  "model": "open-unlearning/unlearn_tofu_Llama-3.2-1B-Instruct_forget10_IdkDPO_lr1e-05_beta0.1_alpha5_epoch5",
  "attack": "all",
  "attacks": {
    "loss": {
      "auc": 0.991253125,
      "retain_auc": 0.38283124999999996,
      "full_auc": 0.9958281250000001,
      "s_mia": 0.007463333316340526
    },
    "zlib": {
      "auc": 0.99089375,
      "retain_auc": 0.30548125000000004,
      "full_auc": 0.99625,
      "s_mia": 0.007754042145073803
    },
    "min_k": {
      "auc": 0.9915999999999999,
      "retain_auc": 0.37810625,
      "full_auc": 0.99600625,
      "s_mia": 0.007131008253762783
    },
    "min_k++": {
      "auc": 0.97731875,
      "retain_auc": 0.47179375,
      "full_auc": 0.997425,
      "s_mia": 0.038251626021093665
    }
  },
  "privacy_score": 0.009316871043255829,
  "reference_model": "open-unlearning/tofu_Llama-3.2-1B-Instruct_retain90",
  "full_model": "open-unlearning/tofu_Llama-3.2-1B-Instruct_full"
}