{
  "model": "open-unlearning/unlearn_tofu_Llama-3.2-1B-Instruct_forget10_IdkNLL_lr5e-05_alpha2_epoch5",
  "attack": "all",
  "attacks": {
    "loss": {
      "auc": 0.9699843749999999,
      "retain_auc": 0.38283124999999996,
      "full_auc": 0.9958281250000001,
      "s_mia": 0.04215967658888986
    },
    "zlib": {
      "auc": 0.9420999999999999,
      "retain_auc": 0.30548125000000004,
      "full_auc": 0.99625,
      "s_mia": 0.07839092315626617
    },
    "min_k": {
      "auc": 0.9720187500000003,
      "retain_auc": 0.37810625,
      "full_auc": 0.99600625,
      "s_mia": 0.038821006635377464
    },
    "min_k++": {
      "auc": 0.96270625,
      "retain_auc": 0.47179375,
      "full_auc": 0.997425,
      "s_mia": 0.06605153327546642
    }
  },
  "privacy_score": 0.051696371478920186,
  "reference_model": "open-unlearning/tofu_Llama-3.2-1B-Instruct_retain90",
  "full_model": "open-unlearning/tofu_Llama-3.2-1B-Instruct_full"
}