{
  "model": "open-unlearning/unlearn_tofu_Llama-3.2-1B-Instruct_forget10_AltPO_lr1e-05_beta0.1_alpha2_epoch10",
  "metrics": {
    "retain_Q_A_Prob": 0.724682822227478,
    "retain_Q_A_ROUGE": 0.5407859799370971,
    "retain_Truth_Ratio": 0.4414592299568833,
    "ra_Q_A_Prob": 0.4373071546227906,
    "ra_Q_A_ROUGE": 0.7568333333333334,
    "ra_Truth_Ratio": 0.5444037396253077,
    "wf_Q_A_Prob": 0.4574239277425236,
    "wf_Q_A_ROUGE": 0.8062678062678063,
    "wf_Truth_Ratio": 0.6085988658081186
  },
  "model_utility": 0.5621930656579518,
  "fluency": 0.8565985595295206,
  "utility": 0.6788505960587324,
  "fluency_model": "madhurjindal/autonlp-Gibberish-Detector-492513457"
}