{
  "model": "open-unlearning/unlearn_tofu_Llama-3.2-1B-Instruct_forget10_RMU_lr1e-05_layer10_scoeff10_epoch5",
  "metrics": {
    "rouge": 0.7306672815257788,
    "para_rouge": 0.3459652863235446,
    "jailbreak_rouge": 0.5577478224339062
  }
}